child_id,parent_id,from_year,to_year,from_precision,to_precision,source_page,confidence,notes
gersheim,advocacy-herbitzheim,,,,,19,high,
grundviller,advocacy-herbitzheim,,1621,,,19,high,
herbitzheim,advocacy-herbitzheim,,,,,19,high,
keskastel,advocacy-herbitzheim,,,,,19,high,
oermingen,advocacy-herbitzheim,,,,,19;143,high,
remering-puttelange,advocacy-herbitzheim,,1621,,,19,high,
saint-michel,advocacy-herbitzheim,,,,,19,high,
cocheren,advocacy-saint-avold,,,,,101,high,
folkling,advocacy-saint-avold,,,,,101,high,
leyviller,advocacy-saint-avold,,,,,140,high,
morsbach,advocacy-saint-avold,,,,,101,high,
albestroff,advocacy-saint-nabor,,,,,66-67,high,
bening-saint-avold,advocacy-saint-nabor,,,,,67,high,
bistroff-grotesquin,advocacy-saint-nabor,,,,,66-67,high,
cocheren,advocacy-saint-nabor,,,,,67,high,
coume,advocacy-saint-nabor,,,,,67,high,
dourd-hal,advocacy-saint-nabor,,,,,67,high,
erstroff,advocacy-saint-nabor,,,,,66-67,high,
farebersviller,advocacy-saint-nabor,,,,,67,high,
folkling,advocacy-saint-nabor,,,,,67,high,
folschviller,advocacy-saint-nabor,,,,,67,high,
fremestroff,advocacy-saint-nabor,,,,,67,high,
freybouse,advocacy-saint-nabor,,,,,67,high,
guenviller,advocacy-saint-nabor,,,,,67,high,
haute-vigneulles,advocacy-saint-nabor,,,,,67,high,
hellimer,advocacy-saint-nabor,,,,,66-67,high,
hoste,advocacy-saint-nabor,,,,,67,high,
l-hopital,advocacy-saint-nabor,,,,,67,high,
laning,advocacy-saint-nabor,,,,,67,high,
lixing-saint-avold,advocacy-saint-nabor,,,,,66-67,high,
macheren,advocacy-saint-nabor,,,,,67,high,
maxstadt,advocacy-saint-nabor,,,,,67,high,
metring,advocacy-saint-nabor,,,,,67,high,
morsbach,advocacy-saint-nabor,,,,,67,high,
petit-ebersviller,advocacy-saint-nabor,,,,,67,high,
pontpierre,advocacy-saint-nabor,,,,,67,high,
rosbruck,advocacy-saint-nabor,,,,,67,high,
roupeldange,advocacy-saint-nabor,,,,,67,high,
saint-avold,advocacy-saint-nabor,,,,,66-67,high,
seingbouse,advocacy-saint-nabor,,,,,67,high,
teterchen,advocacy-saint-nabor,,,,,67,high,
theding,advocacy-saint-nabor,,,,,67,high,
vahl-ebersing,advocacy-saint-nabor,,,,,67,high,
valmont,advocacy-saint-nabor,,,,,66-67,high,
county-bliescastel,bailiwick-cercle-du-rhin-superieur,,,,,98,high,
county-crehange,bailiwick-cercle-du-rhin-superieur,,,,,98,high,
county-dabo,bailiwick-cercle-du-rhin-superieur,,,,,98,high,
county-lichtenberg,bailiwick-cercle-du-rhin-superieur,,,,,98,high,
county-nassau-sarrebruck,bailiwick-cercle-du-rhin-superieur,,,,,98,high,
county-petite-pierre,bailiwick-cercle-du-rhin-superieur,,,,,98,high,
county-sarrewerden,bailiwick-cercle-du-rhin-superieur,,,,,98,high,
lordship-diemeringen,bailiwick-cercle-du-rhin-superieur,,,,,98,high,
lordship-frauenberg,bailiwick-cercle-du-rhin-superieur,,,,,98,high,
lordship-lixing-rouhling,bailiwick-cercle-du-rhin-superieur,,,,,98,high,
lordship-metz,bailiwick-cercle-du-rhin-superieur,,,,,98,high,
advocacy-hombourg-saint-avold,bailiwick-episcopal-de-vic,,,,,78,high,
altviller,bailiwick-episcopal-de-vic,,,,,78,high,
arraincourt,bailiwick-episcopal-de-vic,,,,,78,high,
bacourt,bailiwick-episcopal-de-vic,,,,,79,high,
barst,bailiwick-episcopal-de-vic,,,,,78,high,
basse-vigneulles,bailiwick-episcopal-de-vic,,,,,78,high,
benestroff,bailiwick-episcopal-de-vic,,,,,78,high,
betting-saint-avold,bailiwick-episcopal-de-vic,,,,,78,high,
castellany-albestroff,bailiwick-episcopal-de-vic,,,,,78,high,
castellany-fribourg,bailiwick-episcopal-de-vic,,,,,78,high,
castellany-haboudange,bailiwick-episcopal-de-vic,,,,,78,high,
castellany-lagarde,bailiwick-episcopal-de-vic,,,,,78,high,
castellany-remilly,bailiwick-episcopal-de-vic,,,,,78,high,
castellany-vic,bailiwick-episcopal-de-vic,,,,,78,high,
chatillon,bailiwick-episcopal-de-vic,,,,,78,high,
county-rechicourt-le-chateau,bailiwick-episcopal-de-vic,,,,,78,high,
county-sarrewerden,bailiwick-episcopal-de-vic,,,,,78,high,
denting,bailiwick-episcopal-de-vic,,,,,78,high,
dorvillers,bailiwick-episcopal-de-vic,,,,,78,high,
erstroff,bailiwick-episcopal-de-vic,,,,,78,high,
fief-hingsange,bailiwick-episcopal-de-vic,,,,,79,high,
fiirst,bailiwick-episcopal-de-vic,,,,,79,high,
folschviller,bailiwick-episcopal-de-vic,,,,,79,high,
fremestroff,bailiwick-episcopal-de-vic,,,,,78,high,
garrebourg,bailiwick-episcopal-de-vic,,,,,78,high,
guinglange,bailiwick-episcopal-de-vic,,,,,78,high,
helfedange,bailiwick-episcopal-de-vic,,,,,78,high,
hellering-hombourg-haut,bailiwick-episcopal-de-vic,,,,,78,high,
hesser,bailiwick-episcopal-de-vic,,,,,79,high,
ibring,bailiwick-episcopal-de-vic,,,,,78,high,
laning,bailiwick-episcopal-de-vic,,,,,78,high,
lelling,bailiwick-episcopal-de-vic,,,,,79,high,
lordship-turquestein,bailiwick-episcopal-de-vic,,,,,78,high,
momerstroff,bailiwick-episcopal-de-vic,,,,,78,high,
niedervisse,bailiwick-episcopal-de-vic,,,,,78,high,
remsing,bailiwick-episcopal-de-vic,,,,,78,high,
saint-georges,bailiwick-episcopal-de-vic,,,,,78,high,
teting,bailiwick-episcopal-de-vic,,,,,79,high,
castellany-amance,bailiwick-nancy,,,,,83,high,
provostship-amance,bailiwick-nancy,,,,,20,high,
einartshausen,bailiwick-phalsbourg,,,,,114,high,
hazelbourg,bailiwick-phalsbourg,,,,,114,high,
hultehouse,bailiwick-phalsbourg,,,,,114,high,
lutzelbourg,bailiwick-phalsbourg,,,,,114,high,
mittelbronn,bailiwick-phalsbourg,,,,,114,high,
vilsberg,bailiwick-phalsbourg,,,,,114,high,
bening-harprich,bailiwick-vie,,,,,145,high,
beuren,bailliage-allemagne,,,,,10,high,
castellany-marsal,bailliage-allemagne,,,,,10;22,high,
condominium-merzig-saargau,bailliage-allemagne,,,,,9;11;22,high,
county-bitche,bailliage-allemagne,,,,,9;11;22,high,
county-sarrewerden,bailliage-allemagne,1629,,exact,,9;12,,'devenu lorrain seulement en 1629' (p. 9); added to the bailiwick in 1629 (p. 12).
eppelborn,bailliage-allemagne,1608,,,,96,high,
hoppstetten,bailliage-allemagne,,,,,10,high,
kostenbach,bailliage-allemagne,,,,,10,high,
longeville,bailliage-allemagne,,,,,11,high,
lordship-faulquemont,bailliage-allemagne,,,,,9;11;22,high,
lordship-fenetrange,bailliage-allemagne,,,,,9;22,high,
lordship-forbach,bailliage-allemagne,,,,,9;11;22,high,
lordship-marimont,bailliage-allemagne,,,,,10-11;22;83,high,
lordship-morhange,bailliage-allemagne,1585,,,,10-11;20;22,high,
lordship-puttelange,bailliage-allemagne,,,,,9;11;22,high,
lordship-saint-avold,bailliage-allemagne,,,,,11,high,
lordship-sarreck,bailliage-allemagne,,,,,9;11;22,high,
marsal,bailliage-allemagne,,,,,11,high,
mittelbollenbach,bailliage-allemagne,,,,,10,high,
nennig,bailliage-allemagne,,,,,10,high,
nittel-sur-moselle,bailliage-allemagne,,,,,10,high,
office-berus,bailliage-allemagne,,,,,9;11;22,high,
office-boulay,bailliage-allemagne,,,,,9;11;22,high,
office-dieuze,bailliage-allemagne,,,,,10-11;22;83,high,
office-hombourg-haut,bailliage-allemagne,1600,,,,9;11;22,high,
office-merzig,bailliage-allemagne,,,,,14,,
office-phalsbourg,bailliage-allemagne,,,,,9;11;22,high,
office-sarralbe,bailliage-allemagne,,,,,9;11;22,high,
office-sarreguemines,bailliage-allemagne,,,,,9;11;22,high,
office-sarrewerden-et-herbitzheim,bailliage-allemagne,,,,,22,high,
office-schaumberg,bailliage-allemagne,,,,,9;11;22,high,
office-sierck,bailliage-allemagne,,,,,11-12,,
office-siersberg,bailliage-allemagne,,,,,9;11;22,high,
office-vaudrevange,bailliage-allemagne,,,,,9;11;22,high,
principality-lixheim,bailliage-allemagne,1623,,exact,,12;21,high,'Le bailliage s'agrandit en 1623 de l'office de Lixheim' (p. 12); bought from the Elector Palatine in 1623 (p. 21).
provostship-insming,bailliage-allemagne,,,,,11,high,
provostship-ketternostern,bailliage-allemagne,,,,,10,high,
provostship-sarrebourg,bailliage-allemagne,,,,,9;22,high,
rathen,bailliage-allemagne,,,,,10,high,
reinange,bailliage-allemagne,,,,,10,high,
saargau,bailliage-allemagne,,,,,13-14,,
sarrebourg,bailliage-allemagne,,,,,11,high,
wiesbach,bailliage-allemagne,,,,,10,high,
bisping,ban-albeschau,,,,,151,high,
gosselming,ban-albeschau,,,,,151,high,
brulange,ban-rotte,,,,,146,high,
suisse,ban-rotte,,,,,146,high,
thonville,ban-rotte,,,,,146,high,
brulange,ban-saint-pierre,,,,,20,high,
stoncourt-les-villers,ban-saint-pierre,,,,,20,high,
villers-stoncourt,ban-saint-pierre,,,,,20,high,
xousse,ban-saint-pierre,,,,,20,high,
audviller,ban-val-de-gueblange,,,,,78,high,
schweix-gueblange-les-sarralbe,ban-val-de-gueblange,,,,,78,high,
steinbach-audviller,ban-val-de-gueblange,,,,,78,high,
wentzviller,ban-val-de-gueblange,,,,,78,high,
bambiderstroff,barony-raville,,,,,98,high,
bannay,barony-raville,,,,,98,high,
brouck,barony-raville,,,,,98,high,
vaudoncourt,barony-raville,,,,,98,high,
aspach,barony-saint-georges,,,,,116,high,
bertrambois,barony-saint-georges,,,,,116,high,
hattigny,barony-saint-georges,,,,,116,high,
ibigny,barony-saint-georges,,,,,116,high,
landange,barony-saint-georges,,,,,116,high,
richeval,barony-saint-georges,,,,,116,high,
colmen,berg-nennig,,,,,81,high,
haute-contz,berg-nennig,,,,,81,high,
launstroff,berg-nennig,,,,,81,high,
aussen,bettingen,,,,,57,high,
goldhach,bettingen,,,,,57,high,
gresaubach,bettingen,,,,,57,high,
ban-val-de-gueblange,castellany-albestroff,,,,,78,high,
givricourt,castellany-albestroff,,,,,78,high,
hazembourg,castellany-albestroff,,,,,78,high,
hellimer,castellany-albestroff,,,,,78,high,
kappelkinger,castellany-albestroff,,,,,78,high,
kirviller,castellany-albestroff,,,,,78,high,
chateau-salins,castellany-amance,,,,,83,high,
azoudange,castellany-fribourg,,,,,78,high,
desseling,castellany-fribourg,,,,,78,high,
fribourg,castellany-fribourg,,,,,78,high,
languimberg,castellany-fribourg,,,,,78,high,
rhodes,castellany-fribourg,,,,,78,high,
saint-jean-de-bassel,castellany-fribourg,,,,,78,high,
baronville,castellany-haboudange,,,,,78,high,
bellange,castellany-haboudange,,,,,78,high,
bourlioncourt,castellany-haboudange,,,,,78,high,
chenois,castellany-haboudange,,,,,78,high,
dalhain,castellany-haboudange,,,,,78,high,
dedeling,castellany-haboudange,,,,,78,high,
guerniange,castellany-haboudange,,,,,78,high,
haboudange,castellany-haboudange,,,,,78,high,
hampont,castellany-haboudange,,,,,78,high,
marthille,castellany-haboudange,,,,,78,high,
obreck,castellany-haboudange,,,,,78,high,
azoudange,castellany-lagarde,,,,,78,high,
bourdonnay,castellany-lagarde,,,,,78,high,
gelucourt,castellany-lagarde,,,,,78,high,
lagarde,castellany-lagarde,,,,,78,high,
ley,castellany-lagarde,,,,,78,high,
maizieres,castellany-lagarde,,,,,78,high,
moussey,castellany-lagarde,,,,,78,high,
ommeray,castellany-lagarde,,,,,78,high,
bru,castellany-marsal,,,,,20,high,
donnelay,castellany-marsal,,,,,20,high,
haraucourt-sur-seille,castellany-marsal,,,,,20,high,
juvelize,castellany-marsal,,,,,20,high,
marsal,castellany-marsal,,,,,20,high,
saint-medard,castellany-marsal,,,,,20,high,
aube,castellany-remilly,,,,,78,high,
bechy,castellany-remilly,,,,,78,high,
hemilly,castellany-remilly,,,,,78,high,
remilly,castellany-remilly,,,,,78,high,
vittoncourt,castellany-remilly,,,,,78,high,
attiloncourt,castellany-vic,,,,,78,high,
bezange-la-grande,castellany-vic,,,,,78,high,
bezange-la-petite,castellany-vic,,,,,78,high,
chambrey,castellany-vic,,,,,78,high,
gremecey,castellany-vic,,,,,78,high,
malaucourt,castellany-vic,,,,,78,high,
moncourt,castellany-vic,,,,,78,high,
moyenvic,castellany-vic,,,,,78,high,
pettoncourt,castellany-vic,,,,,78,high,
rechicourt-la-petite,castellany-vic,,,,,78,high,
salival,castellany-vic,,,,,78,high,
salonnes,castellany-vic,,,,,78,high,
vic-sur-seille,castellany-vic,,,,,78,high,
xanrey,castellany-vic,,,,,78,high,
mayoralty-inferieure-du-saargau-a-schwemlingen,condominium-merzig-saargau,,,,,55,high,
mayoralty-superieure-du-saargau-a-hilbringen,condominium-merzig-saargau,,,,,55,high,
office-merzig,condominium-merzig-saargau,,,,,55,high,
achen,county-bitche,,,,,18;70,high,
alberting,county-bitche,,,,,18,high,
altheim,county-bitche,,,,,18;70,high,
althorn,county-bitche,,,,,18,high,
bettviller-rohrbach,county-bitche,,,,,18,high,
bining,county-bitche,,,,,18;70,high,
bitche,county-bitche,,,,,17;70,high,
bousseviller,county-bitche,,,,,17-18;105,high,
breidenbach,county-bitche,,,,,18;105,high,
eguelshardt,county-bitche,,,,,18,high,
enchenberg,county-bitche,,,,,18;70,high,
epping,county-bitche,,,,,18;70,high,
erching,county-bitche,,,,,18,high,
eschviller,county-bitche,,,,,18;83,high,
etting,county-bitche,,,,,18,high,
falkenstein-baerenthal,county-bitche,,,,,18,high,
gentersberg,county-bitche,,,,,18;83;105,high,
grosrederching,county-bitche,,,,,18,high,
guising,county-bitche,,,,,18,high,
hanviller,county-bitche,,,,,17,high,
haspelschiedt,county-bitche,,,,,18;70,high,
hochweyersberg,county-bitche,,,,,18,high,
hoelling,county-bitche,,,,,18;70,high,
holbach-siersthal,county-bitche,,,,,18,high,
hottviller,county-bitche,,,,,18,high,
hutting,county-bitche,,,,,83,high,
kalhouse,county-bitche,,,,,18;70,high,
kaltenhausen,county-bitche,,,,,17;70-71,high,
lambach,county-bitche,,,,,18;70,high,
lemberg-bitche,county-bitche,,,,,18,high,
lengelsheim,county-bitche,,,,,17;70,high,
liederschiedt,county-bitche,,,,,18,high,
lordship-lemberg-les-pirmasens,county-bitche,,,,,18,high,
loutzviller,county-bitche,,,,,18;70;83,high,
mayoralty-altheim,county-bitche,,,,,69,high,
mayoralty-hilsprich,county-bitche,,,,,18;69,high,
mayoralty-rahling,county-bitche,,,,,69,high,
mayoralty-schorbach,county-bitche,,,,,69,high,
mayoralty-walschbronn,county-bitche,,,,,69,high,
montbronn,county-bitche,,,,,18;83,high,
mouterhouse,county-bitche,,,,,18,high,
neunkirchen-bitche,county-bitche,,,,,18,high,
niedergailbach,county-bitche,,,,,18,high,
nousseviller-les-bitche,county-bitche,,,,,18,high,
obergailbach,county-bitche,,,,,18,high,
oermingen,county-bitche,,,,,142-143,high,
office-sergenterie-de-bining,county-bitche,,,,,69,high,
office-sergenterie-ou-buttelei-de-rimling,county-bitche,,,,,69,high,
ormesviller,county-bitche,,,,,18;70,high,
petit-rederching,county-bitche,,,,,18;70,high,
rahling,county-bitche,,,,,18;70;97;141,high,
reyersviller,county-bitche,,,,,17,high,
rimling,county-bitche,,,,,18;70,high,
rohr,county-bitche,,,,,17,high,
rohrbach,county-bitche,,,,,18;70,high,
rolbing,county-bitche,,,,,18,high,
roppeviller,county-bitche,,,,,18,high,
schmalenthal,county-bitche,,,,,18,high,
schorbach,county-bitche,,,,,17;70,high,
schweyen,county-bitche,,,,,18,high,
siersthal,county-bitche,,,,,18;70,high,
sturzelbronn,county-bitche,,,,,18,high,
urbach,county-bitche,,,,,18;83,high,
utweiler,county-bitche,,,,,18,high,
volmunster,county-bitche,,,,,18,high,
waldeck,county-bitche,,,,,18,high,
waldhouse,county-bitche,,,,,18,high,
walschbronn,county-bitche,,,,,18;70;105,high,
walsheim,county-bitche,,,,,18,high,
weidesheim,county-bitche,,,,,18;83,high,
weiskirch,county-bitche,,,,,18;83,high,
wiesing,county-bitche,,,,,18,high,
wiesviller,county-bitche,,,,,18;70,high,
woelfling-sarreguemines,county-bitche,,,,,18,high,
blieschweyen,county-bliescastel,,,,,102,high,
bliesguersviller,county-bliescastel,,,,,102,high,
ditschviller,county-bliescastel,,,,,102,high,
heckenransbach,county-bliescastel,,,,,102,high,
w-oustviller,county-bliescastel,,,,,102,high,
welferding,county-bliescastel,,,,,102,high,
abreschviller,county-dabo,,,,,116,high,
dabo,county-dabo,,,,,116,high,
engenthal,county-dabo,,,,,116,high,
harreberg,county-dabo,,,,,116;150,high,
hommert,county-dabo,,,,,116,high,
voyer,county-dabo,,,,,116,high,
walscheidt,county-dabo,,,,,116,high,
hornbach,county-deux-ponts,,,,,104,high,
baerenthal,county-hanau-lichtenberg,,,,,149,high,
bouxwiller,county-hanau-lichtenberg,,,,,106,high,
neuviller,county-hanau-lichtenberg,,,,,106,high,
niederbronn,county-hanau-lichtenberg,,,,,106,high,
pfaffenhoffen,county-hanau-lichtenberg,,,,,106,high,
philippsbourg,county-hanau-lichtenberg,,,,,149,high,
reipertswiller,county-hanau-lichtenberg,,,,,149,high,
w-rth,county-hanau-lichtenberg,,,,,106,high,
wimmenau,county-hanau-lichtenberg,,,,,149,high,
bailiwick-phalsbourg,county-la-petite-pierre,,1583,,,113,high,
rosteig,county-la-petite-pierre,,,,,149,high,
wingen,county-la-petite-pierre,,,,,149,high,
forstheim,county-lichtenberg,,,,,105,high,
offviller,county-lichtenberg,,,,,105,high,
uhrviller,county-lichtenberg,,,,,105,high,
adamsviller,county-petite-pierre,,,,,106,high,
assviller,county-petite-pierre,,,,,106,high,
berling,county-petite-pierre,,,,,106,high,
bettviller-drulingen,county-petite-pierre,,,,,106,high,
bust,county-petite-pierre,,,,,106,high,
durstel,county-petite-pierre,,,,,106,high,
eschbourg,county-petite-pierre,,,,,106,high,
frohmuhl,county-petite-pierre,,,,,106,high,
gungviller,county-petite-pierre,,,,,106,high,
hangviller,county-petite-pierre,,,,,106,high,
hinsbourg,county-petite-pierre,,,,,106,high,
lohr-la-petite-pierre,county-petite-pierre,,,,,106,high,
petershach,county-petite-pierre,,,,,106,high,
pfalzweyer,county-petite-pierre,,,,,106,high,
puberg,county-petite-pierre,,,,,106,high,
rosteig,county-petite-pierre,,,,,106,high,
schoenbourg,county-petite-pierre,,,,,106,high,
struth,county-petite-pierre,,,,,106,high,
tieffenbach,county-petite-pierre,,,,,106,high,
v-olksherg,county-petite-pierre,,,,,104;106,high,
veschheim,county-petite-pierre,,,,,106,high,
waldhambach,county-petite-pierre,,,,,106,high,
weinbourg,county-petite-pierre,,,,,106,high,
weisslingen,county-petite-pierre,,,,,106,high,
wingen,county-petite-pierre,,,,,106,high,
wintersbourg,county-petite-pierre,,,,,106,high,
zilling,county-petite-pierre,,,,,106,high,
aspach,county-rechicourt-le-chateau,,,,,117,high,
avricourt,county-rechicourt-le-chateau,,,,,117,high,
barchain,county-rechicourt-le-chateau,,,,,117,high,
bourdonnay,county-rechicourt-le-chateau,,,,,117,high,
foulcrey,county-rechicourt-le-chateau,,,,,117,high,
gondrexange,county-rechicourt-le-chateau,,,,,117,high,
hertzing,county-rechicourt-le-chateau,,,,,117,high,
maizieres,county-rechicourt-le-chateau,,,,,117,high,
marimont,county-rechicourt-le-chateau,,,,,117,high,
moussey,county-rechicourt-le-chateau,,,,,117,high,
xouaxange,county-rechicourt-le-chateau,,,,,117,high,
advocacy-herbitzheim,county-sarrewerden,,,,,19,high,
altwiller,county-sarrewerden,,,,,19;108,high,
baerendorf,county-sarrewerden,,,,,19,high,
berg-drulingen,county-sarrewerden,,,,,19,high,
bettviller-drulingen,county-sarrewerden,,,,,97,high,
bissert,county-sarrewerden,,,,,19,high,
bistroff-drulingen,county-sarrewerden,,,,,19,high,
bouquenom,county-sarrewerden,,,,,19,,
burbach,county-sarrewerden,,,,,19;109;122,high,
butten,county-sarrewerden,,,,,19;104;122;141,high,
court-vibersviller,county-sarrewerden,,,,,19,high,
diedendorf,county-sarrewerden,,,,,19;110,high,
domfessel,county-sarrewerden,,,,,19;122,high,
drulingen,county-sarrewerden,,,,,19,high,
eschwiller,county-sarrewerden,,,,,19;122,high,
eyviller,county-sarrewerden,,,,,19,high,
goerlingen-drulingen,county-sarrewerden,,,,,19,high,
harskirchen,county-sarrewerden,,,,,19;108,high,
hinsingen,county-sarrewerden,,,,,19,high,
hirschland,county-sarrewerden,,,,,19,high,
insviller,county-sarrewerden,,,,,19,high,
ischen,county-sarrewerden,,,,,19,high,
kirberg,county-sarrewerden,,,,,19,high,
l-renzen,county-sarrewerden,,,,,19;122,high,
lohr-la-petite-pierre,county-sarrewerden,,,,,19,high,
mackviller,county-sarrewerden,,,,,19,high,
metting,county-sarrewerden,,,,,19,high,
niederstinzel,county-sarrewerden,,,,,19,high,
oermingen,county-sarrewerden,,,,,72,high,
ottviller,county-sarrewerden,,,,,19,high,
postroff,county-sarrewerden,,,,,19,high,
rexingen,county-sarrewerden,,,,,19,high,
rimstroff,county-sarrewerden,,,,,19;84,high,
rode-insviller,county-sarrewerden,,,,,19,high,
rouviller,county-sarrewerden,,,,,19,high,
sarrewerden,county-sarrewerden,,,,,19,,
schopperten,county-sarrewerden,,,,,19;72,high,
sieviller,county-sarrewerden,,,,,19,high,
silzheim,county-sarrewerden,,,,,19,high,
thal,county-sarrewerden,,,,,19,high,
voellerdingen,county-sarrewerden,,,,,19;110,high,
weyer-drulingen,county-sarrewerden,,,,,19;122,high,
willer,county-sarrewerden,,,,,19,high,
wolfskirchen,county-sarrewerden,,,,,19;122,high,
zollingen,county-sarrewerden,,,,,19,high,
bockange,court-conde,,,,,13,high,
conde-northen,court-conde,,,,,13,high,
drogny,court-conde,,,,,13,high,
guinkirchen,court-conde,,,,,13,high,
guirlange,court-conde,,,,,13,high,
megange,court-conde,,,,,13,high,
piblange,court-conde,,,,,13,high,
perl,court-perl,,,,,13;128,high,
sehndorf,court-perl,,,,,13;128,high,
calmesweiler,eppelborn,,,,,137,high,
melkerhof,fenetrange,,,,,112,high,
ackerbach,fief-hellimer,,,,,140,high,
berig,fief-hingsange,,,,,79,high,
bermering,fief-hingsange,,,,,79,high,
bertring,fief-hingsange,,,,,79,high,
bistroff-grotesquin,fief-hingsange,,,,,79,high,
boustroff,fief-hingsange,,,,,79,high,
francaltroff,fief-hingsange,,,,,79,high,
grostenquin,fief-hingsange,,,,,79,high,
hellimer,fief-hingsange,,,,,79,high,
laning,fief-hingsange,,,,,79,high,
virming,fief-hingsange,,,,,79,high,
flasgarten,guinkirchen,,,,,61,high,
gelucourt,hesse,,,,,79,high,
lezey,hesse,,,,,79,high,
burtoncourt,hombourg-sur-canner,,,,,129,high,
chelaincourt,hombourg-sur-canner,,,,,128,high,
buweiler,kastel,,,,,57,high,
kostenbach,kastel,,,,,57,high,
rathen,kastel,,,,,57,high,
hargarten-laumesfeld,laumesfeld,,,,,51,high,
bambiderstroff,longeville,,,,,138,high,
betting-zimming,longeville,,,,,138,high,
dalem,longeville,,,,,138,high,
dourd-hal,longeville,,,,,138,high,
elvange,longeville,,,,,138,high,
laudrefang,longeville,,,,,138,high,
marange,longeville,,,,,138,high,
zimming,longeville,,,,,138,high,
colmen,lordship-berg,,,,,50,high,
kirf,lordship-berg,,,,,50,high,
launstroff,lordship-berg,,,,,50,high,
guenange,lordship-bertrange,,,,,98,high,
metzeresche,lordship-bertrange,,,,,98,high,
reinange,lordship-bertrange,,,,,98,high,
baerendorf,lordship-bracs,,,,,110,high,
diane-cappel,lordship-bracs,,,,,110,high,
haut-clocher,lordship-bracs,,,,,110,high,
hilbesheim,lordship-bracs,,,,,110,high,
romelfing,lordship-bracs,,,,,110,high,
budling,lordship-busbach,,,,,98,high,
busbach,lordship-busbach,,,,,98,high,
hackenberg,lordship-busbach,,,,,98,high,
helling,lordship-busbach,,,,,98,high,
veckring,lordship-busbach,,,,,98,high,
cirey,lordship-chatillon,,,,,116,high,
foulcrey,lordship-chatillon,,,,,116,high,
hattigny,lordship-chatillon,,,,,116,high,
ibigny,lordship-chatillon,,,,,116,high,
berthelming,lordship-col-de-cygne,,,,,111,high,
betthorn,lordship-col-de-cygne,,,,,111,high,
langatte,lordship-col-de-cygne,,,,,111,high,
loudrefing,lordship-col-de-cygne,,,,,111,high,
mittersheim,lordship-col-de-cygne,,,,,111,high,
vibersviller,lordship-col-de-cygne,,,,,111,high,
wolfskirchen,lordship-col-de-cygne,,,,,111,high,
nonnweiler,lordship-dagstuhl,,,,,133,high,
ban-weyer-les-rahling,lordship-diemeringen,,,,,106,high,
dehlingen,lordship-diemeringen,,,,,106,high,
diemeringen,lordship-diemeringen,,,,,106,high,
ratzviller,lordship-diemeringen,,,,,106,high,
kuntzig,lordship-distroff,,,,,98,high,
mancy,lordship-distroff,,,,,98,high,
stuckange,lordship-distroff,,,,,98,high,
volstroff,lordship-distroff,,,,,98,high,
adelange,lordship-faulquemont,,,,,16,high,
chemery,lordship-faulquemont,,,,,16,high,
eincheville,lordship-faulquemont,,,,,16,high,
faulquemont,lordship-faulquemont,,,,,16,high,
guenviller,lordship-faulquemont,,,,,16,high,
merlebach,lordship-faulquemont,,,,,16,high,
morlange,lordship-faulquemont,,,,,16,high,
redlach,lordship-faulquemont,,,,,16,high,
tritteling,lordship-faulquemont,,,,,16,high,
vahl-faulquemont,lordship-faulquemont,,,,,16,high,
baerendorf,lordship-fenetrange,,,,,19,high,
berthelming,lordship-fenetrange,,,,,19,high,
betthorn,lordship-fenetrange,,,,,19,high,
bust,lordship-fenetrange,,,,,19;110,high,
court-vibersviller,lordship-fenetrange,,,,,19,high,
diane-cappel,lordship-fenetrange,,,,,19,high,
fenetrange,lordship-fenetrange,,,,,19;110,high,
gueroldseck,lordship-fenetrange,,,,,19,high,
haut-clocher,lordship-fenetrange,,,,,19,high,
hilbesheim,lordship-fenetrange,,,,,19,high,
langatte,lordship-fenetrange,,,,,19,high,
lohr-munster,lordship-fenetrange,,,,,19;110,high,
lordship-bracs,lordship-fenetrange,,,,,110,high,
lordship-col-de-cygne,lordship-fenetrange,,,,,110,high,
lordship-gueroldseck-les-niederstinzel,lordship-fenetrange,,,,,111,high,
loudrefing,lordship-fenetrange,,,,,19,high,
metting,lordship-fenetrange,,,,,19,high,
mittersheim,lordship-fenetrange,,,,,19,high,
munster,lordship-fenetrange,,,,,19;110,high,
niederstinzel,lordship-fenetrange,,,,,19,high,
postroff,lordship-fenetrange,,,,,19,high,
romelfing,lordship-fenetrange,,,,,19,high,
schalbach,lordship-fenetrange,,,,,19;110,high,
wolfskirchen,lordship-fenetrange,,,,,19,high,
alsting,lordship-forbach,,,,,17,high,
behren,lordship-forbach,,,,,17,high,
cadenbronn,lordship-forbach,,,,,17,high,
dittelingen,lordship-forbach,,,,,17,high,
etzling,lordship-forbach,,,,,17,high,
forbach,lordship-forbach,,,,,17,high,
freyming,lordship-forbach,,,,,17,high,
gauhiving,lordship-forbach,,,,,17;67,high,
hessling,lordship-forbach,,,,,17,high,
kerbach,lordship-forbach,,,,,17,high,
oeting,lordship-forbach,,,,,17,high,
petite-rosselle,lordship-forbach,,,,,17,high,
ruchling,lordship-forbach,,,,,17,high,
spicheren,lordship-forbach,,,,,17;67,high,
tenteling,lordship-forbach,,,,,17,high,
zinzing,lordship-forbach,,,,,17,high,
folpersviller,lordship-frauenberg,,,,,143,high,
gerlfangen,lordship-fremersdorf,,,,,137,high,
mechern,lordship-fremersdorf,,,,,137,high,
metting,lordship-gueroldseck-les-niederstinzel,,,,,111,high,
niederstinzel,lordship-gueroldseck-les-niederstinzel,,,,,111,high,
postroff,lordship-gueroldseck-les-niederstinzel,,,,,111,high,
ban-chaussy,lordship-hombourg-sur-canner,,,,,82,high,
courcelles,lordship-hombourg-sur-canner,,,,,82,high,
frecourt,lordship-hombourg-sur-canner,,,,,82,high,
plappecourt,lordship-hombourg-sur-canner,,,,,82,high,
remelfing-sierck,lordship-hombourg-sur-canner,,,,,81,high,
biding,lordship-imperiale-de-crehange,,,,,100,high,
coume,lordship-imperiale-de-crehange,,,,,100,high,
crehange,lordship-imperiale-de-crehange,,,,,100,high,
denting,lordship-imperiale-de-crehange,,,,,100,high,
folschviller,lordship-imperiale-de-crehange,,,,,100,high,
fremestroff,lordship-imperiale-de-crehange,,,,,100,high,
freybouse,lordship-imperiale-de-crehange,,,,,100,high,
laning,lordship-imperiale-de-crehange,,,,,100,high,
lelling,lordship-imperiale-de-crehange,,,,,100,high,
momerstroff,lordship-imperiale-de-crehange,,,,,100,high,
niedervisse,lordship-imperiale-de-crehange,,,,,100,high,
pontpierre,lordship-imperiale-de-crehange,,,,,100,high,
teting,lordship-imperiale-de-crehange,,,,,100,high,
vahl-ebersing,lordship-imperiale-de-crehange,,,,,100,high,
petit-hettange,lordship-inglange,,,,,98,high,
audviller,lordship-kingertal,,,,,116,high,
kappelkinger,lordship-kingertal,,,,,116,high,
schweix-gueblange-les-sarralbe,lordship-kingertal,,,,,116,high,
steinbach-audviller,lordship-kingertal,,,,,116,high,
uberkinger,lordship-kingertal,,,,,116,high,
wentzviller,lordship-kingertal,,,,,116,high,
jabach,lordship-lebach,,,,,58,high,
landsweiler,lordship-lebach,,,,,58,high,
niedersaubach,lordship-lebach,,,,,58,high,
riimmelbach,lordship-lebach,,,,,58,high,
erlenbrunn,lordship-lemberg,,,,,104,high,
imsbach,lordship-lemberg,,,,,104,high,
ranschborn,lordship-lemberg,,,,,104,high,
riedelberg,lordship-lemberg,,,,,104,high,
simten,lordship-lemberg,,,,,104,high,
stanwenstein,lordship-lemberg,,,,,104,high,
vinningen,lordship-lemberg,,,,,104,high,
burgalben,lordship-lemberg-les-pirmasens,,,,,18,high,
dietersbach,lordship-lemberg-les-pirmasens,,,,,18,high,
donsitters,lordship-lemberg-les-pirmasens,,,,,18,high,
eich-pirmasens,lordship-lemberg-les-pirmasens,,,,,18,high,
eppenbrunn,lordship-lemberg-les-pirmasens,,,,,18,high,
erlenbrunn,lordship-lemberg-les-pirmasens,,,,,18,high,
gershach,lordship-lemberg-les-pirmasens,,,,,18,high,
greppen,lordship-lemberg-les-pirmasens,,,,,18,high,
hilst,lordship-lemberg-les-pirmasens,,,,,18,high,
imsbach,lordship-lemberg-les-pirmasens,,,,,18,high,
munchweiler,lordship-lemberg-les-pirmasens,,,,,18,high,
ohersteinbach,lordship-lemberg-les-pirmasens,,,,,18,high,
pirmasens,lordship-lemberg-les-pirmasens,,,,,18,high,
ranschborn,lordship-lemberg-les-pirmasens,,,,,18,high,
riedelberg,lordship-lemberg-les-pirmasens,,,,,18,high,
schweix-pirmasens,lordship-lemberg-les-pirmasens,,,,,18,high,
simten,lordship-lemberg-les-pirmasens,,,,,18,high,
stanwenstein,lordship-lemberg-les-pirmasens,,,,,18,high,
thalfroschen,lordship-lemberg-les-pirmasens,,,,,18,high,
trulben,lordship-lemberg-les-pirmasens,,,,,18,high,
vinningen,lordship-lemberg-les-pirmasens,,,,,18,high,
winzeln,lordship-lemberg-les-pirmasens,,,,,18,high,
ban-hersing,lordship-lixing,,,,,102,high,
ebring,lordship-lixing,,,,,102,high,
ippling,lordship-lixing,,,,,102,high,
lixing-rouhling,lordship-lixing,,,,,102,high,
rouhling,lordship-lixing,,,,,102,high,
guelange,lordship-luttange,,,,,98,high,
kirsch-luttange,lordship-luttange,,,,,98,high,
luttange,lordship-luttange,,,,,98,high,
mancy,lordship-luttange,,,,,98,high,
altrippe,lordship-marimont,,,,,20,high,
bassing,lordship-marimont,,,,,20,high,
chateau-salins,lordship-marimont,,,,,83,high,
conthil,lordship-marimont,,,,,20,high,
cutting,lordship-marimont,,,,,20,high,
dieffembach,lordship-marimont,,,,,20,high,
domnon,lordship-marimont,,,,,20,high,
francaltroff,lordship-marimont,,,,,20,high,
grening,lordship-marimont,,,,,20,high,
guenestroff,lordship-marimont,,,,,20,high,
guinzeling,lordship-marimont,,,,,20,high,
hellimer,lordship-marimont,,,,,20,high,
hilsprich,lordship-marimont,,,,,20,high,
honskirch,lordship-marimont,,,,,20,high,
insming,lordship-marimont,,,,,20,high,
lening,lordship-marimont,,,,,20,high,
lostroff,lordship-marimont,,,,,20,high,
loudrefing,lordship-marimont,,,,,20,high,
marimont,lordship-marimont,,,,,20,high,
montdidier,lordship-marimont,,,,,20,high,
nebing,lordship-marimont,,,,,20,high,
nelling,lordship-marimont,,,,,20,high,
petit-tenquin,lordship-marimont,,,,,20,high,
racrange,lordship-marimont,,,,,20,high,
rode-morhange,lordship-marimont,,,,,20,high,
rohrbach-la-petite,lordship-marimont,,,,,20,high,
rohrhach,lordship-marimont,,,,,20,high,
vergaville,lordship-marimont,,,,,20,high,
virming,lordship-marimont,,,,,20,high,
vittersbourg,lordship-marimont,,,,,20,high,
zell,lordship-marimont,,,,,20,high,
basse-yutz,lordship-meilberg,,,,,98,high,
haute-yutz,lordship-meilberg,,,,,98,high,
illange,lordship-meilberg,,,,,98,high,
kuntzig,lordship-meilberg,,,,,98,high,
meilherg,lordship-meilberg,,,,,98,high,
metzervisse,lordship-meilberg,,,,,98,high,
besseringen,lordship-monclair,,,,,81,high,
merchingen,lordship-monclair,,,,,81,high,
achain,lordship-morhange,,,,,20,high,
baronville,lordship-morhange,,,,,20,high,
bermering,lordship-morhange,,,,,20,high,
dalhain,lordship-morhange,,,,,20,high,
destry,lordship-morhange,,,,,20,high,
eincheville,lordship-morhange,,,,,20,high,
harprich,lordship-morhange,,,,,20;145,high,
landroff,lordship-morhange,,,,,20,high,
lidrequin,lordship-morhange,,,,,20,high,
lidrezing,lordship-morhange,,,,,20,high,
marthille,lordship-morhange,,,,,20,high,
morhange,lordship-morhange,,,,,20,high,
pevange,lordship-morhange,,,,,20,high,
racrange,lordship-morhange,,,,,20,high,
riche,lordship-morhange,,,,,20,high,
rodalbe,lordship-morhange,,,,,20,high,
sotzeling,lordship-morhange,,,,,20,high,
suisse,lordship-morhange,,,,,20,high,
viller,lordship-morhange,,,,,20,high,
zarbeling,lordship-morhange,,,,,20,high,
ballering,lordship-puttelange,,,,,17,high,
bettring,lordship-puttelange,,,,,17,high,
cappel,lordship-puttelange,,,,,17,high,
castviller,lordship-puttelange,,,,,17,high,
diebling,lordship-puttelange,,,,,17,high,
diederfing,lordship-puttelange,,,,,17,high,
dieffenbach,lordship-puttelange,,,,,17,high,
edersviller,lordship-puttelange,,,,,146,high,
elviller,lordship-puttelange,,,,,17,high,
ernestviller,lordship-puttelange,,,,,17,high,
farschviller,lordship-puttelange,,,,,17,high,
grundviller,lordship-puttelange,,,,,17,high,
guebenhouse,lordship-puttelange,,,,,17,high,
heckenransbach,lordship-puttelange,,,,,17,high,
himmrod,lordship-puttelange,,,,,17,high,
hinsing,lordship-puttelange,,,,,17,high,
hirbach,lordship-puttelange,,,,,17,high,
holving,lordship-puttelange,,,,,17,high,
honnert,lordship-puttelange,,,,,17,high,
hundling,lordship-puttelange,,,,,17,high,
johannesviller,lordship-puttelange,,,,,17,high,
loupershouse,lordship-puttelange,,,,,17,high,
metzing-forbach,lordship-puttelange,,,,,17,high,
morsbronn,lordship-puttelange,,,,,17,high,
nousseviller-saint-nabor,lordship-puttelange,,,,,17,high,
obersheim,lordship-puttelange,,,,,17;146,high,
puttelange,lordship-puttelange,,,,,17,high,
remering-puttelange,lordship-puttelange,,,,,17,high,
richeling,lordship-puttelange,,,,,17,high,
buhl-lorraine,lordship-sarreck,,,,,19,high,
dolving,lordship-sarreck,,,,,19,high,
eich-reding,lordship-sarreck,,,,,19,high,
gosselming,lordship-sarreck,,,,,19,high,
hommarting,lordship-sarreck,,,,,19,high,
kerprich-aux-bois,lordship-sarreck,,,,,19,high,
oberstinzel,lordship-sarreck,,,,,19,high,
reding,lordship-sarreck,,,,,19,high,
sarraltroff,lordship-sarreck,,,,,19,high,
sarreck,lordship-sarreck,,,,,19,high,
montrequienne,lordship-talange,,,,,98,high,
fraquelfing,lordship-turquestein,,,,,116,high,
lafrimbolle,lordship-turquestein,,,,,116,high,
laneuveville,lordship-turquestein,,,,,116,high,
lorquin,lordship-turquestein,,,,,116,high,
neufmoulins,lordship-turquestein,,,,,116,high,
niderhoff,lordship-turquestein,,,,,116,high,
xouaxange,lordship-turquestein,,,,,116,high,
bettstadt,lordship-val-de-nalbach,,,,,14,high,
bilsdorf,lordship-val-de-nalbach,,,,,14,high,
diefflen,lordship-val-de-nalbach,,,,,14,high,
korprich,lordship-val-de-nalbach,,,,,14,high,
nalbach,lordship-val-de-nalbach,,,,,14,high,
rurange-megange,lordship-vry-devant-metz,,,,,63,high,
alaincourt,marquisate-nomeny,,,,,119,high,
aulnois,marquisate-nomeny,,,,,119,high,
craincourt,marquisate-nomeny,,,,,119,high,
delme,marquisate-nomeny,,,,,119,high,
fossieux,marquisate-nomeny,,,,,119,high,
juville,marquisate-nomeny,,,,,119,high,
lemoncourt,marquisate-nomeny,,,,,119,high,
manhoue,marquisate-nomeny,,,,,119,high,
puzieux,marquisate-nomeny,,,,,119,high,
xocourt,marquisate-nomeny,,,,,119,high,
bacourt,marquisate-pont-a-mousson,,,,,117,high,
brehain,marquisate-pont-a-mousson,,,,,117,high,
chateau-brehain,marquisate-pont-a-mousson,,,,,117,high,
niedergailbach,mayoralty-altheim,,,,,69,high,
obergailbach,mayoralty-altheim,,,,,69,high,
elzange,mayoralty-basse-ham,,,,,98,high,
hastroff,mayoralty-basse-ham,,,,,98,high,
petit-hettange,mayoralty-basse-ham,,,,,98,high,
bisten-en-lorraine,mayoralty-boucheporn,,,,,79,high,
niedervisse,mayoralty-boucheporn,,,,,79,high,
obervisse,mayoralty-boucheporn,,,,,79,high,
porcelette,mayoralty-boucheporn,,,,,79,high,
bassing,mayoralty-cutting,,,,,74,high,
domnon,mayoralty-cutting,,,,,74,high,
guinzeling,mayoralty-cutting,,,,,74,high,
loudrefing,mayoralty-cutting,,,,,74,high,
assenoncourt,mayoralty-dieuze,,,,,73-74,high,
blanche-eglise,mayoralty-dieuze,,,,,73-74,high,
dieuze,mayoralty-dieuze,,,,,73-74,high,
guebestroff,mayoralty-dieuze,,,,,73-74,high,
kerprich,mayoralty-dieuze,,,,,73-74,high,
mulcey,mayoralty-dieuze,,,,,73-74,high,
cappel,mayoralty-farschviller,,,,,68,high,
diebling,mayoralty-farschviller,,,,,68,high,
hellimer,mayoralty-hellimer,,,,,75,high,
lening,mayoralty-hellimer,,,,,75,high,
conthil,mayoralty-hilsprich,,,,,18;69,high,
petit-tenquin,mayoralty-hilsprich,,,,,18;69,high,
zell,mayoralty-hilsprich,,,,,18;69,high,
ballering,mayoralty-holving,,,,,68,high,
bettring,mayoralty-holving,,,,,68,high,
diederfing,mayoralty-holving,,,,,68,high,
hinsing,mayoralty-holving,,,,,68,high,
hirbach,mayoralty-holving,,,,,68,high,
holving,mayoralty-holving,,,,,68,high,
richeling,mayoralty-holving,,,,,68,high,
bethingen,mayoralty-inferieure-du-saargau-a-schwemlingen,,,,,55,high,
biibingen,mayoralty-inferieure-du-saargau-a-schwemlingen,,,,,55,high,
buschdorf,mayoralty-inferieure-du-saargau-a-schwemlingen,,,,,55,high,
schwemlingen,mayoralty-inferieure-du-saargau-a-schwemlingen,,,,,55,high,
wehingen,mayoralty-inferieure-du-saargau-a-schwemlingen,,,,,55,high,
weiler,mayoralty-inferieure-du-saargau-a-schwemlingen,,,,,55,high,
dieffembach,mayoralty-insming,,,,,75,high,
grening,mayoralty-insming,,,,,75,high,
honskirch,mayoralty-insming,,,,,75,high,
insming,mayoralty-insming,,,,,75,high,
nelling,mayoralty-insming,,,,,75,high,
petit-tenquin,mayoralty-insming,,,,,75,high,
rening,mayoralty-insming,,,,,75,high,
rohrbach-la-petite,mayoralty-insming,,,,,75,high,
vittersbourg,mayoralty-insming,,,,,75,high,
angviller,mayoralty-lindre,,,,,74-75,high,
lindre-haute-et-basse,mayoralty-lindre,,,,,74-75,high,
tarquimpol,mayoralty-lindre,,,,,74-75,high,
zommange,mayoralty-lindre,,,,,74-75,high,
guebenhouse,mayoralty-metzing,,,,,68,high,
nousseviller-saint-nabor,mayoralty-metzing,,,,,68,high,
evendorf,mayoralty-montenach,,,,,49,high,
flatten,mayoralty-montenach,,,,,49,high,
haute-sierck,mayoralty-montenach,,,,,49,high,
kaltweiler,mayoralty-montenach,,,,,49,high,
kirschnaumen,mayoralty-montenach,,,,,49,high,
obernaumen,mayoralty-montenach,,,,,49,high,
remelfing-sierck,mayoralty-montenach,,,,,49,high,
schirmeter,mayoralty-montenach,,,,,49,high,
dieffenbach,mayoralty-puttelange,,,,,68,high,
honnert,mayoralty-puttelange,,,,,68,high,
hochweyersberg,mayoralty-rahling,,,,,69,high,
mouterhouse,mayoralty-rahling,,,,,69,high,
schmalenthal,mayoralty-rahling,,,,,69,high,
grundviller,mayoralty-remering,,,,,68,high,
loupershouse,mayoralty-remering,,,,,68,high,
bousse,mayoralty-rurange,,,,,98,high,
volstroff,mayoralty-rurange,,,,,98,high,
hanviller,mayoralty-schorbach,,,,,69,high,
kaltenhausen,mayoralty-schorbach,,,,,69,high,
lengelsheim,mayoralty-schorbach,,,,,69,high,
reyersviller,mayoralty-schorbach,,,,,69,high,
buren,mayoralty-siersberg,,,,,52,high,
gisingen,mayoralty-siersberg,,,,,52,high,
itzbach,mayoralty-siersberg,,,,,52,high,
kerprich-hemmersdorf,mayoralty-siersberg,,,,,52,high,
rammelfangen,mayoralty-siersberg,,,,,52,high,
rehlingen-sur-sarre,mayoralty-siersberg,,,,,52,high,
siersdorf,mayoralty-siersberg,,,,,52,high,
ballern,mayoralty-superieure-du-saargau-a-hilbringen,,,,,55,high,
fitten,mayoralty-superieure-du-saargau-a-hilbringen,,,,,55,high,
hilbringen,mayoralty-superieure-du-saargau-a-hilbringen,,,,,55,high,
mondorf,mayoralty-superieure-du-saargau-a-hilbringen,,,,,55,high,
rech,mayoralty-superieure-du-saargau-a-hilbringen,,,,,55,high,
ripplingen,mayoralty-superieure-du-saargau-a-hilbringen,,,,,55,high,
silwingen,mayoralty-superieure-du-saargau-a-hilbringen,,,,,55,high,
alling,mayoralty-teting,,,,,64,high,
berfang,mayoralty-teting,,,,,64;79,high,
fiirst,mayoralty-teting,,,,,64,high,
folschviller,mayoralty-teting,,,,,79,high,
lelling,mayoralty-teting,,,,,64;79,high,
metring,mayoralty-teting,,,,,64,high,
teting,mayoralty-teting,,,,,64,high,
bousseviller,mayoralty-walschbronn,,,,,69,high,
breidenbach,mayoralty-walschbronn,,,,,69,high,
dorst,mayoralty-walschbronn,,,,,69,high,
eppenbrunn,mayoralty-walschbronn,,,,,69,high,
greppen,mayoralty-walschbronn,,,,,69,high,
haspelschiedt,mayoralty-walschbronn,,,,,69,high,
hilst,mayoralty-walschbronn,,,,,69,high,
liederschiedt,mayoralty-walschbronn,,,,,69,high,
ohersteinbach,mayoralty-walschbronn,,,,,69,high,
roppeviller,mayoralty-walschbronn,,,,,69,high,
schweix-pirmasens,mayoralty-walschbronn,,,,,69,high,
schweyen,mayoralty-walschbronn,,,,,69,high,
steinhausen,mayoralty-walschbronn,,,,,69,high,
trulben,mayoralty-walschbronn,,,,,69,high,
waldhouse,mayoralty-walschbronn,,,,,69,high,
bietzen,merzig,,,,,129,high,
menningen,merzig,,,,,129,high,
ban-otzweiler,neunkirchen-bouzonville,,,,,62,high,
aidling,office-berus,,,,,15,high,
alzing,office-berus,,,,,15;59,high,
bedersdorf,office-berus,,,,,15;58,high,
berus,office-berus,,,,,15;58;80,high,
berviller,office-berus,,,,,15;59,high,
bettange,office-berus,,,,,15;59,high,
bibling,office-berus,,,,,15;58,high,
bisten-saar,office-berus,,,,,15;58,high,
bouzonville,office-berus,,,,,15;58-59,high,
brettnach,office-berus,,,,,15;59,high,
chateau-rouge,office-berus,,,,,15;58;80,high,
creutzwald,office-berus,,,,,16,high,
edling,office-berus,,,,,15;59,high,
felsberg,office-berus,,,,,16;80,high,
forweiler,office-berus,,,,,15;58,high,
gaweistroff,office-berus,,,,,15;58,high,
guerstling,office-berus,,,,,15;58,high,
heining,office-berus,,,,,15;58,high,
holling,office-berus,,,,,15;59,high,
ihn,office-berus,,,,,15;58,high,
ittersdorf,office-berus,,,,,15;58,high,
kerlingen,office-berus,,,,,15;58,high,
leidingen,office-berus,,,,,15;58,high,
merten,office-berus,,,,,15,high,
niedwellingen,office-berus,,,,,15;58,high,
oberdorf,office-berus,,,,,15,high,
odenhofen,office-berus,,,,,15;58,high,
remering-bouzonville,office-berus,,,,,15;59,high,
schreckling,office-berus,,,,,15;58,high,
teterchen,office-berus,,,,,15,high,
tromborn,office-berus,,,,,15;59,high,
vaudreching,office-berus,,,,,15;59,high,
villing,office-berus,,,,,15;58,high,
woelfling-bouzonville,office-berus,,,,,15;58,high,
bambiderstroff,office-boulay,,,,,16;146,high,
ban-otzweiler,office-boulay,,,,,16,high,
beckerholz,office-boulay,,,,,16,high,
berange,office-boulay,,,,,59,high,
betting-zimming,office-boulay,,,,,16,high,
bletting,office-boulay,,,,,16,high,
boulay,office-boulay,,,,,16;59,high,
brecklange,office-boulay,,,,,16;61,high,
brouck,office-boulay,,,,,16;63,high,
buchingen,office-boulay,,,,,16,high,
coume,office-boulay,,,,,16;59;82,high,
dalem,office-boulay,,,,,16;82,high,
diefferten,office-boulay,,,,,16,high,
dourd-hal,office-boulay,,,,,16,high,
duren,office-boulay,,,,,16,high,
eblange,office-boulay,,,,,16,high,
elvange,office-boulay,,,,,16,high,
falck,office-boulay,,,,,16,high,
ferange,office-boulay,,,,,16;63,high,
filstroff,office-boulay,,,,,16;60;84,high,
flasgarten,office-boulay,,,,,16,high,
fouligny,office-boulay,,,,,16,high,
grosshemmersdorf,office-boulay,,,,,16;60,high,
guerting,office-boulay,,,,,16,high,
guinkirchen,office-boulay,,,,,16;61,high,
guirlange,office-boulay,,,,,16,high,
halling,office-boulay,,,,,16;63,high,
ham,office-boulay,,,,,16,high,
hargarten-aux-mines,office-boulay,,,,,16;60;146,high,
helstroff,office-boulay,,,,,16;61,high,
holling,office-boulay,,,,,16;59,high,
ising,office-boulay,,,,,16;63,high,
kleind-hal,office-boulay,,,,,16,high,
laudrefang,office-boulay,,,,,16,high,
les-etangs,office-boulay,,,,,16;82;119,high,
longeville,office-boulay,,,,,16,high,
lordship-faulquemont,office-boulay,,,,,82,high,
lordship-varize,office-boulay,,,,,63;82,high,
loutremange,office-boulay,,,,,16;63,high,
macker,office-boulay,,,,,16,high,
mainvillers,office-boulay,,,,,16,high,
many,office-boulay,,,,,16,high,
marange,office-boulay,,,,,16,high,
megange,office-boulay,,,,,16;61,high,
metzing-elvange,office-boulay,,,,,82,high,
narbefontaine,office-boulay,,,,,140,high,
neunkirchen-bouzonville,office-boulay,,,,,16,high,
office-varsberg,office-boulay,,,,,82,high,
ottonville,office-boulay,,,,,16;59,high,
penning,office-boulay,,,,,16,high,
pontigny,office-boulay,,,,,16;82,high,
provostship-eblange,office-boulay,,,,,63,high,
rehlingen-sur-sarre,office-boulay,,,,,60,high,
remelfang,office-boulay,,,,,16,high,
ricrange,office-boulay,,,,,16;59,high,
rosbruck,office-boulay,,,,,16,high,
roupeldange,office-boulay,,,,,16;61,high,
seigneurie-d-elvange,office-boulay,,,,,82,high,
teterchen,office-boulay,,,,,16,high,
theding,office-boulay,,,,,16,high,
tritteling,office-boulay,,,,,16,high,
v-olmerange,office-boulay,,,,,16;146,high,
valmunster,office-boulay,,,,,16;82,high,
varize,office-boulay,,,,,16,high,
varsberg,office-boulay,,,,,16,high,
velling,office-boulay,,,,,16,high,
velving,office-boulay,,,,,16;82,high,
zimming,office-boulay,,,,,16,high,
zondrange,office-boulay,,,,,16,high,
ackerbach,office-dieuze,,,,,83,high,
alteville,office-dieuze,,,,,20;74,high,
angviller,office-dieuze,,,,,20,high,
arlange,office-dieuze,,,,,20;74;83,high,
assenoncourt,office-dieuze,,,,,20;75,high,
ban-bride-les-wuisse,office-dieuze,,,,,74,high,
bassing,office-dieuze,,,,,20;75;83,high,
bathelemont,office-dieuze,,,,,20;83,high,
bermering,office-dieuze,,,,,74,high,
bidestroff,office-dieuze,,,,,20;75;83,high,
bisping,office-dieuze,,,,,20;75,high,
bistroff-grotesquin,office-dieuze,,,,,74,high,
blanche-eglise,office-dieuze,,,,,20;75,high,
boschviller,office-dieuze,,,,,83,high,
chateau-salins,office-dieuze,,,,,83,high,
chateau-voue,office-dieuze,,,,,20;83,high,
chicourt,office-dieuze,,,,,74,high,
conthil,office-dieuze,,,,,83,high,
cutting,office-dieuze,,,,,20,high,
desseling,office-dieuze,,,,,74,high,
dieuze,office-dieuze,,,,,20;75,high,
domnon,office-dieuze,,,,,75;83,high,
donnelay,office-dieuze,,,,,74,high,
erstroff,office-dieuze,,,,,74,high,
francaltroff,office-dieuze,,,,,83,high,
fribourg,office-dieuze,,,,,74,high,
gelucourt,office-dieuze,,,,,20,high,
givricourt,office-dieuze,,,,,74,high,
guebestroff,office-dieuze,,,,,20;75,high,
gueblange-dieuze,office-dieuze,,,,,20,high,
guerniange,office-dieuze,,,,,20;83,high,
guinzeling,office-dieuze,,,,,75,high,
hampont,office-dieuze,,,,,20,high,
hellimer,office-dieuze,,,,,78;83,high,
hesse,office-dieuze,,,,,74,high,
insming,office-dieuze,,,,,20;83,high,
juvelize,office-dieuze,,,,,74,high,
kerprich,office-dieuze,,,,,20;75,high,
kraffthel,office-dieuze,,,,,83,high,
ley,office-dieuze,,,,,74,high,
lezey,office-dieuze,,,,,74,high,
lindre-haute-et-basse,office-dieuze,,,,,20,high,
lordship-marimont,office-dieuze,,,,,20;74,high,
lordship-morhange,office-dieuze,,,,,83,high,
lostroff,office-dieuze,,,,,83,high,
loudrefing,office-dieuze,,,,,20;75;83,high,
marimont,office-dieuze,,,,,83,high,
mayoralty-cutting,office-dieuze,,,,,74,high,
mayoralty-dieuze,office-dieuze,,,,,73-74,high,
mayoralty-hellimer,office-dieuze,,,,,75,high,
mayoralty-insming,office-dieuze,,,,,75,high,
mayoralty-lindre,office-dieuze,,,,,74-75,high,
mayoralty-riche,office-dieuze,,,,,74,high,
moncourt,office-dieuze,,,,,74,high,
mulcey,office-dieuze,,,,,20;75,high,
munster,office-dieuze,,,,,74,high,
obreck,office-dieuze,,,,,74,high,
ommeray,office-dieuze,,,,,74,high,
provostship-insming,office-dieuze,,,,,74,high,
rening,office-dieuze,,,,,20,high,
saint-jean-rohrbach,office-dieuze,,,,,20,high,
sotzeling,office-dieuze,,,,,20,high,
tarquimpol,office-dieuze,,,,,20;83,high,
torcheville,office-dieuze,,,,,20;83,high,
tripoli,office-dieuze,,,,,20,high,
vahl-dieuze,office-dieuze,,,,,20;83,high,
vallerange,office-dieuze,,,,,20,high,
viller,office-dieuze,,,,,20,high,
virming,office-dieuze,,,,,75,high,
wintrange,office-dieuze,,,,,20,high,
wuisse,office-dieuze,,,,,20,high,
zommange,office-dieuze,,,,,20,high,
arzviller,office-herange,,,,,115,high,
brouviller,office-herange,,,,,115,high,
dannelbourg,office-herange,,,,,115,high,
herange,office-herange,,,,,115,high,
veckersviller,office-herange,,,,,115,high,
advocacy-saint-nabor,office-hombourg-haut,,,,,66,high,
alling,office-hombourg-haut,,,,,17,high,
altviller,office-hombourg-haut,,,,,17;64-65,high,
bening-saint-avold,office-hombourg-haut,,,,,17,high,
betting-saint-avold,office-hombourg-haut,,,,,17,high,
biding,office-hombourg-haut,,,,,17,high,
bisten-en-lorraine,office-hombourg-haut,,,,,17,high,
boucheporn,office-hombourg-haut,,,,,17,high,
boustroff,office-hombourg-haut,,,,,17,high,
cocheren,office-hombourg-haut,,,,,16,high,
dourd-hal,office-hombourg-haut,,,,,16-17,high,
ebersviller,office-hombourg-haut,,,,,16,high,
emmersweiler,office-hombourg-haut,,,,,16;65,high,
farebersviller,office-hombourg-haut,,,,,16;64-65,high,
folkling,office-hombourg-haut,,,,,16,high,
folschviller,office-hombourg-haut,,,,,17;64,high,
fremestroff,office-hombourg-haut,,,,,17;64,high,
freybouse,office-hombourg-haut,,,,,16;64,high,
guenviller,office-hombourg-haut,,,,,16,high,
guessling,office-hombourg-haut,,,,,17,high,
guinglange,office-hombourg-haut,,,,,17,high,
haute-vigneulles,office-hombourg-haut,,,,,16,high,
hellering-fenetrange,office-hombourg-haut,,,,,17,high,
hemering,office-hombourg-haut,,,,,17,high,
henriville,office-hombourg-haut,,,,,17;101,high,
hinckange,office-hombourg-haut,,,,,17,high,
hombourg-haut-et-bas,office-hombourg-haut,,,,,16;64,high,
hoste,office-hombourg-haut,,,,,16;64;66,high,
l-hopital,office-hombourg-haut,,,,,16;64,high,
la-fresne,office-hombourg-haut,,,,,65,high,
lachambre,office-hombourg-haut,,,,,17;64;66,high,
laning,office-hombourg-haut,,,,,17;64,high,
lelling,office-hombourg-haut,,,,,17,high,
lixing-saint-avold,office-hombourg-haut,,,,,16,high,
macheren,office-hombourg-haut,,,,,16;64,high,
maxstadt,office-hombourg-haut,,,,,16;64;66;101,high,
metring,office-hombourg-haut,,,,,16,high,
morsbach,office-hombourg-haut,,,,,16,high,
niedervisse,office-hombourg-haut,,,,,17,high,
obervisse,office-hombourg-haut,,,,,17,high,
pontpierre,office-hombourg-haut,,,,,16,high,
porcelette,office-hombourg-haut,,,,,17,high,
saint-avold,office-hombourg-haut,,,,,16;64;84;101,high,
seingbouse,office-hombourg-haut,,,,,16;65,high,
teting,office-hombourg-haut,,,,,16;64,high,
theding,office-hombourg-haut,,,,,16;64,high,
vahl-ebersing,office-hombourg-haut,,,,,16,high,
valette,office-hombourg-haut,,,,,17,high,
valmont,office-hombourg-haut,,,,,17,high,
bachem,office-merzig,,,,,14;53,high,
besseringen,office-merzig,,,,,54,high,
bietzen,office-merzig,,,,,14;53,high,
harlingen,office-merzig,,,,,14;53,high,
keuchingen,office-merzig,,,,,13;54,high,
menningen,office-merzig,,,,,14;53,high,
merchingen,office-merzig,,,,,14;53,high,
merzig,office-merzig,,,,,14;53,high,
mettlach,office-merzig,,,,,13;54,high,
bichelherg,office-phalsbourg,,,,,19,high,
bourscheid,office-phalsbourg,,,,,19;114,high,
brouviller,office-phalsbourg,,,,,19;114,high,
dannelbourg,office-phalsbourg,,,,,114,high,
einartshausen,office-phalsbourg,,,,,19;114,high,
guntzviller,office-phalsbourg,,,,,19;114,high,
hazelbourg,office-phalsbourg,,,,,19;114,high,
henridorf,office-phalsbourg,,,,,19;114,high,
hultehouse,office-phalsbourg,,,,,19;114,high,
lordship-danne-et-quatre-vents,office-phalsbourg,,,,,114,high,
lutzelbourg,office-phalsbourg,,,,,19;114,high,
mittelbronn,office-phalsbourg,,,,,19;114,high,
phalsbourg,office-phalsbourg,,,,,19,high,
vilsberg,office-phalsbourg,,,,,19;114,high,
eich-sarralbe,office-sarralbe,,,,,18,high,
grundviller,office-sarralbe,1621,,,,18-19,high,
hambach,office-sarralbe,,,,,19,high,
nideck,office-sarralbe,,,,,18,high,
rech-sarralbe,office-sarralbe,,,,,18,high,
remering-puttelange,office-sarralbe,1621,,,,19,high,
roth,office-sarralbe,,,,,19,high,
saltzbronn,office-sarralbe,,,,,18,high,
sarralbe,office-sarralbe,,,,,18,high,
willerwald,office-sarralbe,,,,,19,high,
auersmacher,office-sarreguemines,,,,,17;99,high,
bliesbruck,office-sarreguemines,,,,,82,high,
bliesebersing,office-sarreguemines,,,,,17;99,high,
bliesguersviller,office-sarreguemines,,,,,17,high,
bliesmengen,office-sarreguemines,,,,,82,high,
bliesransbach,office-sarreguemines,,,,,17,high,
bousbach,office-sarreguemines,,,,,17,high,
cappel,office-sarreguemines,,,,,17,high,
diebling,office-sarreguemines,,,,,17,high,
elviller,office-sarreguemines,,,,,17;83,high,
farschviller,office-sarreguemines,,,,,17,high,
fechingen,office-sarreguemines,,,,,17,high,
folpersviller,office-sarreguemines,,,,,17,high,
graefinthal,office-sarreguemines,,,,,17;99,high,
grosbliederstroff,office-sarreguemines,,,,,17;99;146,high,
kleinblittersdorf,office-sarreguemines,,,,,17;99,high,
neufgrange,office-sarreguemines,,,,,17;82;146,high,
neunkirch,office-sarreguemines,,,,,17;99,high,
remelfing-sarreguemines,office-sarreguemines,,,,,17;99,high,
rouhling,office-sarreguemines,,,,,17,high,
sarreguemines-m,office-sarreguemines,,,,,17;99,high,
sarreinsming,office-sarreguemines,,,,,17;99,high,
wiesing,office-sarreguemines,,,,,82,high,
wintringen,office-sarreguemines,,,,,146,high,
wittring,office-sarreguemines,,,,,17;82;99,high,
alsweiler,office-schaumberg,,,,,14,high,
aschbach,office-schaumberg,,,,,14,high,
aussen,office-schaumberg,,,,,14;80,high,
ban-val-de-steinbach,office-schaumberg,,,,,81,high,
bettingen,office-schaumberg,,,,,14;57;80,high,
bleiderdingen,office-schaumberg,,,,,14,high,
bliesen,office-schaumberg,,,,,14,high,
blieshach,office-schaumberg,,,,,15,high,
buprich,office-schaumberg,,,,,15,high,
buweiler,office-schaumberg,,,,,14;58;81,high,
calmesweiler,office-schaumberg,,,,,80;146,high,
doersdorf,office-schaumberg,,,,,14,high,
eisweiler,office-schaumberg,,,,,14,high,
eiweiler-nohfelden,office-schaumberg,,,,,15,high,
eiweiler-wiesbach,office-schaumberg,,,,,15,high,
ellmeren,office-schaumberg,,,,,15,high,
eppelborn,office-schaumberg,,,,,15;80;141,high,
freisen,office-schaumberg,,,,,15,high,
furschweiler,office-schaumberg,,,,,15,high,
giidesweiler,office-schaumberg,,,,,14,high,
goldhach,office-schaumberg,,,,,14,high,
gonnesweiler,office-schaumberg,,,,,15,high,
gresaubach,office-schaumberg,,,,,14,high,
gronig,office-schaumberg,,,,,14,high,
hahn,office-schaumberg,,,,,15,high,
hahnweiler,office-schaumberg,,,,,15,high,
harlingen,office-schaumberg,,,,,14,high,
haupersweiler,office-schaumberg,,,,,15,high,
haustatt,office-schaumberg,,,,,15,high,
heimbach-nahe,office-schaumberg,,,,,15,high,
henselhofen,office-schaumberg,,,,,14,high,
herichsweiler,office-schaumberg,,,,,15,high,
hoppstetten,office-schaumberg,,,,,15;79-80;135,high,
hunweiler,office-schaumberg,,,,,14,high,
huttersdorf,office-schaumberg,,,,,15,high,
imshach,office-schaumberg,,,,,15;58,high,
imweiler,office-schaumberg,,,,,14;58,high,
kaisen,office-schaumberg,,,,,14,high,
kastel,office-schaumberg,,,,,14;57,high,
ketternostern,office-schaumberg,1592,1592,,,134,high,
ketternostern,office-schaumberg,,,,,80,high,
knorscheid,office-schaumberg,,,,,15,high,
kostenbach,office-schaumberg,,,,,14,high,
kriigelborn,office-schaumberg,,,,,15,high,
kutzhof,office-schaumberg,,,,,15,high,
labach,office-schaumberg,,,,,15,high,
landsweiler,office-schaumberg,,,,,15,high,
lebach,office-schaumberg,,,,,15,high,
leitzweiler,office-schaumberg,,,,,15,high,
liesstertal,office-schaumberg,,,,,15,high,
limbach,office-schaumberg,,,,,14;57,high,
linden,office-schaumberg,,,,,14;58,high,
lindscheid,office-schaumberg,,,,,14,high,
marpingen,office-schaumberg,,,,,14;58,high,
mettnich,office-schaumberg,,,,,58,high,
michelbach,office-schaumberg,,,,,15;84,high,
mittelbollenbach,office-schaumberg,,,,,15,high,
momberg,office-schaumberg,,,,,80;134,high,
mondorf,office-schaumberg,,,,,14,high,
namborn,office-schaumberg,,,,,15;134,high,
neipel,office-schaumberg,,,,,14,high,
neunkirchen-turkismiihle,office-schaumberg,,,,,15,high,
niederhofen,office-schaumberg,,,,,14,high,
niederlostern,office-schaumberg,,,,,15,high,
niedersaubach,office-schaumberg,,,,,14,high,
osenhach,office-schaumberg,,,,,14,high,
primsweiler,office-schaumberg,,,,,15,high,
provostship-ketternostern,office-schaumberg,,,,,57,high,
provostship-winterbach,office-schaumberg,,,,,58,high,
rappweiler,office-schaumberg,,,,,15,high,
rathen,office-schaumberg,,,,,14,high,
reitscheid,office-schaumberg,,,,,15,high,
riimmelbach,office-schaumberg,,,,,15,high,
schaumberg,office-schaumberg,,,,,14,high,
schellenbach,office-schaumberg,,,,,14,high,
scheuern-hasborn,office-schaumberg,,,,,14,high,
seitzweiler,office-schaumberg,,,,,15,high,
selbach,office-schaumberg,,,,,15,high,
sotzweiler,office-schaumberg,,,,,14;57-58;141,high,
steinbach-eppelborn,office-schaumberg,,,,,14,high,
thalexweiler,office-schaumberg,,,,,14;57-58,high,
theley,office-schaumberg,,,,,14;58;80;135,high,
tholey,office-schaumberg,,,,,14,high,
uchtelfangen,office-schaumberg,,,,,15,high,
wadrill,office-schaumberg,,,,,15,high,
wahl-en,office-schaumberg,,,,,15,high,
wehingen,office-schaumberg,,,,,14,high,
weiersbach-bleiderdingen,office-schaumberg,,,,,15,high,
werdenstein,office-schaumberg,,,,,15;79-80,high,
wetschhausen,office-schaumberg,,,,,14,high,
wiesbach,office-schaumberg,,,,,14;57,high,
winterbach,office-schaumberg,,,,,14,high,
achen,office-sergenterie-de-bining,,,,,69,high,
enchenberg,office-sergenterie-de-bining,,,,,69,high,
etting,office-sergenterie-de-bining,,,,,69,high,
grosrederching,office-sergenterie-de-bining,,,,,69,high,
kalhouse,office-sergenterie-de-bining,,,,,69,high,
lambach,office-sergenterie-de-bining,,,,,69,high,
lemberg-bitche,office-sergenterie-de-bining,,,,,69,high,
neunkirchen-bitche,office-sergenterie-de-bining,,,,,69,high,
rohrbach,office-sergenterie-de-bining,,,,,69,high,
siersthal,office-sergenterie-de-bining,,,,,69,high,
weidesheim,office-sergenterie-de-bining,,,,,69,high,
bettviller-rohrbach,office-sergenterie-ou-buttelei-de-rimling,,,,,69,high,
epping,office-sergenterie-ou-buttelei-de-rimling,,,,,69,high,
erching,office-sergenterie-ou-buttelei-de-rimling,,,,,69,high,
guising,office-sergenterie-ou-buttelei-de-rimling,,,,,69,high,
hoelling,office-sergenterie-ou-buttelei-de-rimling,,,,,69,high,
holbach-siersthal,office-sergenterie-ou-buttelei-de-rimling,,,,,69,high,
hottviller,office-sergenterie-ou-buttelei-de-rimling,,,,,69,high,
loutzviller,office-sergenterie-ou-buttelei-de-rimling,,,,,69,high,
olferding,office-sergenterie-ou-buttelei-de-rimling,,,,,69,high,
ormesviller,office-sergenterie-ou-buttelei-de-rimling,,,,,69,high,
petit-rederching,office-sergenterie-ou-buttelei-de-rimling,,,,,69,high,
urbach,office-sergenterie-ou-buttelei-de-rimling,,,,,69,high,
utweiler,office-sergenterie-ou-buttelei-de-rimling,,,,,69,high,
volmunster,office-sergenterie-ou-buttelei-de-rimling,,,,,69,high,
weiskirch,office-sergenterie-ou-buttelei-de-rimling,,,,,69,high,
aboncourt,office-sierck,,,,,13,high,
altroff,office-sierck,,,,,13,high,
anzeling,office-sierck,,,,,13;50,,
apach,office-sierck,,,,,12,high,
basse-contz,office-sierck,,,,,12,high,
belle-fontaine,office-sierck,,,,,13,high,
bellmacher,office-sierck,,,,,12;81,high,
berg-nennig,office-sierck,,,,,13,high,
bestroff,office-sierck,,,,,12,high,
bethingen,office-sierck,,,,,13,high,
bettelainville,office-sierck,,,,,13,high,
betting-waldwisse,office-sierck,,,,,81,high,
beuren,office-sierck,,,,,13,high,
bibiche,office-sierck,,,,,51,high,
biischdorf,office-sierck,,,,,81,high,
bingen,office-sierck,,,,,13,high,
biringen,office-sierck,,,,,12;80,high,
bizing,office-sierck,,,,,12,high,
breistroff-petite,office-sierck,,,,,12,high,
budange,office-sierck,,,,,13,high,
burgesch,office-sierck,,,,,13,high,
busenacker,office-sierck,,,,,12,high,
calembourg,office-sierck,,,,,50,high,
charleville,office-sierck,,,,,13,high,
chemery,office-sierck,,,,,13;50,,
colmen,office-sierck,,,,,12,high,
court-conde,office-sierck,,,,,13,high,
court-perl,office-sierck,,,,,13;49;129,high,
dalstein,office-sierck,,,,,51,high,
diding,office-sierck,,,,,13;50,high,
diersdorf,office-sierck,,,,,12,high,
ebersviller,office-sierck,,,,,13,high,
edling,office-sierck,,,,,13;50,high,
eft,office-sierck,,,,,12,high,
eimersdorf,office-sierck,,,,,12,high,
epange,office-sierck,,,,,13,high,
evendorf,office-sierck,,,,,12,high,
filstroff,office-sierck,,,,,13;60,high,
flastroff,office-sierck,,,,,12,high,
flatten,office-sierck,,,,,12;80-81,high,
fliessborn,office-sierck,,,,,13,high,
freching,office-sierck,,,,,12,high,
freistroff,office-sierck,,,,,13;50,high,
fremersdorf,office-sierck,,,,,12,high,
furweiler,office-sierck,,,,,12,high,
gerlfangen,office-sierck,,,,,13,high,
goderscheuren,office-sierck,,,,,13,high,
gomelange,office-sierck,,,,,50;119,high,
gongelfang,office-sierck,,,,,81,high,
grindorf,office-sierck,,,,,12,high,
grosshemmersdorf,office-sierck,,,,,12,high,
guiching,office-sierck,,,,,13;50,high,
halstroff,office-sierck,,,,,12,high,
hanfgarten,office-sierck,,,,,12;50,high,
hargarten-laumesfeld,office-sierck,,,,,12,high,
hasenholtz,office-sierck,,,,,13,high,
haute-contz,office-sierck,,,,,13,high,
haute-sierck,office-sierck,,,,,12;80,high,
heckling,office-sierck,,,,,13,high,
hellendorf,office-sierck,,,,,12,high,
hestroff,office-sierck,,,,,13;50,,
hobling,office-sierck,,,,,50,high,
hombourg-sur-canner,office-sierck,,,,,13,high,
ising,office-sierck,,,,,13,high,
kaltweiler,office-sierck,,,,,12,high,
kedange,office-sierck,,,,,13;50,,
kemplich,office-sierck,,,,,80,high,
kerling,office-sierck,,,,,12,high,
kerlingen,office-sierck,,,,,12,high,
kirf,office-sierck,,,,,13,high,
kirsch-sierck,office-sierck,,,,,12;80,high,
kirschnaumen,office-sierck,,,,,12;80,high,
kitzing,office-sierck,,,,,13;81,high,
klang,office-sierck,,,,,50,high,
koenigsberg,office-sierck,,,,,12,high,
kottendorf,office-sierck,,,,,81,high,
labruck,office-sierck,,,,,13,high,
lacroix,office-sierck,,,,,50,high,
laumesfeld,office-sierck,,,,,12;51,high,
launstroff,office-sierck,,,,,12,high,
lemestroff,office-sierck,,,,,12,high,
lordship-hombourg-sur-canner,office-sierck,,,,,81,high,
mailing,office-sierck,,,,,12;80,high,
marienfloss,office-sierck,,,,,12,high,
mechern,office-sierck,,,,,12,high,
megange,office-sierck,,,,,61,high,
meinsberg,office-sierck,,,,,13;81,high,
menskirch,office-sierck,,,,,13,high,
merschweiller,office-sierck,,,,,12;49,,
metrich,office-sierck,,,,,12,high,
metzeresche,office-sierck,,,,,13,high,
monclair,office-sierck,,,,,13,high,
monneren,office-sierck,,,,,12;84,high,
montenach,office-sierck,,,,,12,high,
nennig,office-sierck,,,,,13,high,
neudlange,office-sierck,,,,,13,high,
neudorf,office-sierck,,,,,50,high,
nidange,office-sierck,,,,,13,high,
niedaltdorf,office-sierck,,,,,12,high,
oberesch,office-sierck,,,,,12;132,high,
oberleuken,office-sierck,,,,,12;81,high,
obernaumen,office-sierck,,,,,12,high,
orscholz,office-sierck,,,,,12;81,high,
oudrenne,office-sierck,,,,,12,high,
provostship-conde,office-sierck,,,,,49;51,high,
provostship-rurale-de-sierck,office-sierck,,,,,12-13;49,high,
reinange,office-sierck,,,,,50,high,
remeldorf,office-sierck,,,,,12,high,
remelfing-sierck,office-sierck,,,,,12;50;80,high,
rettel,office-sierck,,,,,12,high,
ritzing,office-sierck,,,,,13;81,high,
rodlach,office-sierck,,,,,50,high,
rudling,office-sierck,,,,,12;81,high,
rustroff,office-sierck,,,,,12,high,
saint-bernard,office-sierck,,,,,13,high,
saint-francois,office-sierck,,,,,13,high,
saint-hubert,office-sierck,,,,,13,high,
sainte-marguerite,office-sierck,,,,,13;51;80,high,
scheuern-charleville,office-sierck,,,,,13,high,
scheuerwald,office-sierck,,,,,12,high,
schwarzmerter,office-sierck,,,,,13,high,
schwerdorf,office-sierck,,,,,13,high,
sierck,office-sierck,,,,,12,high,
tunsdorf,office-sierck,,,,,13;80-81,high,
tunting,office-sierck,,,,,12,high,
veckring,office-sierck,,,,,12,high,
villers-bettnach,office-sierck,,,,,13,high,
waldvisse,office-sierck,,,,,13;80-81,high,
waldweistroff,office-sierck,,,,,12,high,
weiten,office-sierck,,,,,12;49,,
wies,office-sierck,,,,,13,high,
wochern,office-sierck,,,,,12,high,
zeurange,office-sierck,,,,,12;80-81,high,
beckingen,office-siersberg,,,,,13;52,high,
besseringen,office-siersberg,,,,,13;54;83,high,
bietzen,office-siersberg,,,,,14,high,
buren,office-siersberg,,,,,13,high,
dillingen,office-siersberg,,,,,14;82,high,
dreisbach,office-siersberg,,,,,13;54;83,high,
erbringen,office-siersberg,,,,,13;53,high,
fickingen,office-siersberg,,,,,14;53,high,
fremersdorf,office-siersberg,,,,,82,high,
furweiler,office-siersberg,,,,,82,high,
gisingen,office-siersberg,,,,,14,high,
hargarten-beckingen,office-siersberg,,,,,13;53,high,
itzbach,office-siersberg,,,,,13;82,high,
kerprich-hemmersdorf,office-siersberg,,,,,13;52;82,high,
kollig,office-siersberg,,,,,13,high,
mayoralty-siersberg,office-siersberg,,,,,52,high,
merchingen,office-siersberg,,,,,13-14,high,
mondorf,office-siersberg,,,,,53,high,
nittel-sur-moselle,office-siersberg,,,,,13;52;129,high,
nohn,office-siersberg,,,,,13,high,
pachten,office-siersberg,,,,,13,high,
rammelfangen,office-siersberg,,,,,13,high,
rehlingen-sur-moselle,office-siersberg,,,,,13,high,
rehlingen-sur-sarre,office-siersberg,,,,,14;52;82,high,
reimsbach,office-siersberg,,,,,13;52,high,
roden,office-siersberg,,,,,14;82,high,
saint-gangolf,office-siersberg,,,,,13;83,high,
siersberg,office-siersberg,,,,,13;82,high,
siersdorf,office-siersberg,,,,,13,high,
bettstadt,office-vaudrevange,,,,,56,high,
bilsdorf,office-vaudrevange,,,,,56,high,
creutzwald,office-vaudrevange,,,,,80,high,
diefflen,office-vaudrevange,,,,,56,high,
duren,office-vaudrevange,,,,,56,high,
ensdorf,office-vaudrevange,,,,,14;56,high,
felsberg,office-vaudrevange,,,,,14,high,
fraulautern,office-vaudrevange,,,,,14;56,high,
griesborn,office-vaudrevange,,,,,14;56,high,
hiilzweiler,office-vaudrevange,,,,,14;56,high,
korprich,office-vaudrevange,,,,,56,high,
lisdorf,office-vaudrevange,,,,,14;56,high,
lordship-val-de-nalbach,office-vaudrevange,,,,,14,high,
nalbach,office-vaudrevange,,,,,56,high,
piesbach,office-vaudrevange,,,,,56,high,
roden,office-vaudrevange,,,,,14,high,
saarwellingen-14,office-vaudrevange,,,,,14;56,high,
vaudrevange,office-vaudrevange,,,,,14;56;80,high,
arzviller,principality-lixheim,,,,,19;114,high,
bickenholz,principality-lixheim,,,,,19;114,high,
brouviller,principality-lixheim,,,,,19;114,high,
dannelbourg,principality-lixheim,,,,,19,high,
dolving,principality-lixheim,,,,,19,high,
eschbourg,principality-lixheim,,,,,115,high,
eschwiller,principality-lixheim,,,,,114,high,
fi-eisheim,principality-lixheim,,,,,19;114,high,
garrebourg,principality-lixheim,,,,,19,high,
graufthal,principality-lixheim,,,,,73;115,high,
hambach,principality-lixheim,,,,,19;73;115,high,
hellering-fenetrange,principality-lixheim,,,,,19;114,high,
herange,principality-lixheim,,,,,19;73,high,
lixheim,principality-lixheim,,,,,19;115,high,
lordship-kingertal,principality-lixheim,,,,,116,high,
lutzelbourg,principality-lixheim,,,,,19,high,
metting,principality-lixheim,,,,,19,high,
montbronn,principality-lixheim,,,,,73;115,high,
office-herange,principality-lixheim,,,,,115,high,
roth,principality-lixheim,,,,,19;115,high,
saint-louis,principality-lixheim,,,,,19;115,high,
schalbach,principality-lixheim,,,,,19,high,
veckersviller,principality-lixheim,,,,,19,high,
vieux-lixheim,principality-lixheim,,,,,19;114,high,
amelecourt,provostship-amance,,,,,20,high,
ban-saint-pierre,provostship-amance,,,,,20,high,
chateau-salins,provostship-amance,,,,,20,high,
chicourt,provostship-amance,,,,,20,high,
puttigny,provostship-amance,,,,,20,high,
salonnes,provostship-amance,,,,,20,high,
thicourt,provostship-amance,,,,,20,high,
vanne-court,provostship-amance,,,,,20,high,
buchingen,provostship-eblange,,,,,63,high,
holling,provostship-eblange,,,,,63,high,
penning,provostship-eblange,,,,,63,high,
remelfang,provostship-eblange,,,,,63,high,
grening,provostship-insming,,,,,74,high,
hellimer,provostship-insming,,,,,74,high,
hilsprich,provostship-insming,,,,,74,high,
honskirch,provostship-insming,,,,,74,high,
nelling,provostship-insming,,,,,74,high,
petit-tenquin,provostship-insming,,,,,74,high,
rening,provostship-insming,,,,,74,high,
rohrbach-la-petite,provostship-insming,,,,,74,high,
vittersbourg,provostship-insming,,,,,74,high,
bleiderdingen,provostship-ketternostern,,,,,57,high,
blieshach,provostship-ketternostern,,,,,57,high,
freisen,provostship-ketternostern,,,,,57,high,
hahnweiler,provostship-ketternostern,,,,,57,high,
haupersweiler,provostship-ketternostern,,,,,57,high,
heimbach-nahe,provostship-ketternostern,,,,,57,high,
herichsweiler,provostship-ketternostern,,,,,57,high,
kriigelborn,provostship-ketternostern,,,,,57,high,
leitzweiler,provostship-ketternostern,,,,,57,high,
seitzweiler,provostship-ketternostern,,,,,57,high,
weiersbach-bleiderdingen,provostship-ketternostern,,,,,57,high,
bezange-la-petite,provostship-marsal,,,,,76,high,
donnelay,provostship-marsal,,,,,76,high,
haraucourt-sur-seille,provostship-marsal,,,,,76,high,
juvelize,provostship-marsal,,,,,76,high,
saint-medard,provostship-marsal,,,,,76,high,
ketternostern,provostship-oberkirchen,,,,,15,high,
manderen,provostship-remich,,,,,98,high,
merschweiller,provostship-remich,,,,,98,high,
anzeling,provostship-rurale-de-sierck,,,,,13,high,
bibiche,provostship-rurale-de-sierck,,,,,13,high,
bockange,provostship-rurale-de-sierck,,,,,13,high,
calembourg,provostship-rurale-de-sierck,,,,,13,high,
chemery,provostship-rurale-de-sierck,,,,,13,high,
dalstein,provostship-rurale-de-sierck,,,,,13,high,
evendorf,provostship-rurale-de-sierck,,,,,13,high,
ferange,provostship-rurale-de-sierck,,,,,13,high,
gomelange,provostship-rurale-de-sierck,,,,,13,high,
gongelfang,provostship-rurale-de-sierck,,,,,13,high,
hestroff,provostship-rurale-de-sierck,,,,,13,high,
hobling,provostship-rurale-de-sierck,,,,,13,high,
ingling,provostship-rurale-de-sierck,,,,,13,high,
kedange,provostship-rurale-de-sierck,,,,,13,high,
kemplich,provostship-rurale-de-sierck,,,,,13,high,
klang,provostship-rurale-de-sierck,,,,,13,high,
lacroix,provostship-rurale-de-sierck,,,,,13,high,
laumesfeld,provostship-rurale-de-sierck,,,,,13,high,
lemestroff,provostship-rurale-de-sierck,,,,,13,high,
monneren,provostship-rurale-de-sierck,,,,,13,high,
neudorf,provostship-rurale-de-sierck,,,,,13,high,
rodlach,provostship-rurale-de-sierck,,,,,13,high,
bettling,provostship-sarrebourg,,,,,19,high,
biherkirch,provostship-sarrebourg,,,,,19,high,
brouderdorf,provostship-sarrebourg,,,,,19,high,
gosselming,provostship-sarrebourg,,,,,19,high,
heming,provostship-sarrebourg,,,,,19,high,
hermelange,provostship-sarrebourg,,,,,19,high,
hesse,provostship-sarrebourg,,,,,19,high,
imling,provostship-sarrebourg,,,,,19,high,
niderviller,provostship-sarrebourg,,,,,19,high,
nitting,provostship-sarrebourg,,,,,19,high,
renting,provostship-sarrebourg,,,,,19,high,
sarrebourg,provostship-sarrebourg,,,,,19,high,
ban-franchise-de-k-nigsmacker,provostship-thionville,,,,,98,high,
barony-raville,provostship-thionville,,,,,98,high,
basse-yutz,provostship-thionville,,,,,98,high,
buding,provostship-thionville,,,,,98,high,
elzing,provostship-thionville,,,,,98,high,
fief-blettange-bousse,provostship-thionville,,,,,98,high,
hunting,provostship-thionville,,,,,98,high,
koenigsmacker,provostship-thionville,,,,,98,high,
lordship-bertrange,provostship-thionville,,,,,98,high,
lordship-busbach,provostship-thionville,,,,,98,high,
lordship-distroff,provostship-thionville,,,,,98,high,
lordship-inglange,provostship-thionville,,,,,98,high,
lordship-luttange,provostship-thionville,,,,,98,high,
lordship-meilberg,provostship-thionville,,,,,98,high,
lordship-talange,provostship-thionville,,,,,98,high,
lordship-weinsberg,provostship-thionville,,,,,98,high,
maquenom,provostship-thionville,,,,,98,high,
mayoralty-basse-ham,provostship-thionville,,,,,98,high,
mayoralty-rurange,provostship-thionville,,,,,98,high,
metrich,provostship-thionville,,,,,98,high,
petit-breistroff,provostship-thionville,,,,,98,high,
provostship-remich,provostship-thionville,,,,,98,high,
stuckange,provostship-thionville,,,,,98,high,
thionville,provostship-thionville,,,,,98,high,
ballern,saargau,,,,,14;53,high,
besseringen,saargau,,,,,130,high,
bethingen,saargau,,,,,14;53,high,
biibingen,saargau,,,,,14;53,high,
biischdorf,saargau,,,,,14,high,
buschdorf,saargau,,,,,53,high,
fitten,saargau,,,,,14;53,high,
hilbringen,saargau,,,,,14;53;131,high,
merzig,saargau,,,,,130-131,high,
mondorf,saargau,,,,,14;53;132,high,
rech-ballem,saargau,,,,,14;53,high,
ripplingen,saargau,,,,,14;53,high,
schwemlingen,saargau,,,,,14;53,high,
silwingen,saargau,,,,,14;53,high,
stat,saargau,,,,,14,high,
wehingen,saargau,,,,,14;53,high,
weiler,saargau,,,,,14;53,high,
wellingen-hilbringen,saargau,,,,,14;53;55,high,
alsweiler,sotzweiler,,,,,58,high,
giidesweiler,sotzweiler,,,,,58,high,
lindscheid,sotzweiler,,,,,58,high,
marpingen,sotzweiler,,,,,58,high,
namborn,sotzweiler,,,,,58,high,
niederhofen,sotzweiler,,,,,58,high,
osenhach,sotzweiler,,,,,58,high,
steinbach-eppelborn,sotzweiler,,,,,58,high,
tholey,sotzweiler,,,,,58,high,
winterbach,sotzweiler,,,,,58,high,
aschbach,thalexweiler,,,,,57,high,
henselhofen,thalexweiler,,,,,57,high,
schellenbach,thalexweiler,,,,,57,high,
ban-goerling,theding,,,,,63,high,
berg-nennig,wies,,,,,84,high,
biibingen,wies,,,,,84,high,
eppelborn,wiesbach,,,,,57,high,
kaisen,wiesbach,,,,,57,high,
kutzhof,wiesbach,,,,,57,high,
uchtelfangen,wiesbach,,,,,57,high,
