place_id,right_type,holder_id,share,status,is_disputed,disputed_with,from_year,to_year,from_precision,to_precision,snippet,source_page,confidence,notes
weiten,suzerain,duchy-lorraine,,,,,,,,,,49,,
weiten,high_justice,duchy-lorraine,,,,,,,,,,49,,
weiten,middle_low_justice,duchy-lorraine,,,,,,,,,,49,,
merschweiller,high_justice,duchy-lorraine,,,,,,,,,,49,,
merschweiller,manorial_lord,cathedral-chapter-trier,,,,,,,,,,49,,
kedange,high_justice,duchy-lorraine,,,,,,,,,,50,,
kedange,middle_low_justice,duchy-lorraine,,,,,,,,,,50,,
kedange,manorial_lord,charterhouse-rettel,,,,,,,,,,50,,
anzeling,high_justice,duchy-lorraine,,,,,,1624,,exact,,50-51,,
anzeling,high_justice,henriette-vaudemont,,pledged,,,1624,,exact,,,51-52,,
anzeling,middle_low_justice,duchy-lorraine,,,,,,1624,,exact,,50-51,,
anzeling,middle_low_justice,henriette-vaudemont,,pledged,,,1624,,exact,,,52,,
anzeling,tithe,abbey-bouzonville,,,,,,,,,,50;52,,
hestroff,high_justice,duchy-lorraine,,,,,,1624,,exact,,50,medium,
hestroff,high_justice,henriette-vaudemont,,pledged,,,1624,,exact,,,50-52,medium,
hestroff,manorial_lord,abbey-villers-bettnach,,,,,,,,,,50,,
chemery,high_justice,duchy-lorraine,,,,,,,,,,50-51,,
chemery,manorial_lord,abbey-freistroff,,,,,,,,,,50,,
chemery,middle_low_justice,abbey-freistroff,,,,,,,,,,51,,
chemery,middle_low_justice,duchy-lorraine,,claimed,true,abbey-freistroff,1616,1620,exact,exact,,51,,
saargau,suzerain,duchy-lorraine,1/2,,,,,,,,,14;131,,
saargau,suzerain,electorate-trier,1/2,,,,,,,,,14;131,,
saargau,high_justice,duchy-lorraine,joint,,,,,,,,,14,,
saargau,high_justice,lords-monclair,joint,,,,,,,,,14,,
saargau,manorial_lord,electorate-trier,,,,,,,,,,14;130,,
office-merzig,suzerain,duchy-lorraine,1/2,,,,,,,,,14;131,,
office-merzig,suzerain,electorate-trier,1/2,,,,,,,,,14;131,,
office-merzig,high_justice,duchy-lorraine,joint,,,,,,,,,14;131,,
office-merzig,high_justice,electorate-trier,joint,,,,,,,,,14;131,,
county-sarrewerden,suzerain,holy-roman-empire,,,,,,,,,,107;110,medium,
county-sarrewerden,high_justice,county-nassau-saarbruecken,,,true,duchy-lorraine,,1629,,exact,,107-108,,
county-sarrewerden,high_justice,duchy-lorraine,,claimed,true,county-nassau-saarbruecken,,1629,,exact,,107-108,,
county-sarrewerden,high_justice,francois-ii-vaudemont,,,true,county-nassau-saarbruecken,1629,1632,exact,exact,,108-110,,
county-sarrewerden,high_justice,county-nassau-saarbruecken,,claimed,true,francois-ii-vaudemont,1629,,exact,,,108-109,,
county-sarrewerden,high_justice,duchy-lorraine,,,,,1632,,exact,,,110,,
sarrewerden,suzerain,bishopric-metz,,,,,,,,,,108,,
sarrewerden,high_justice,county-nassau-saarbruecken,,,true,duchy-lorraine,,1629,,exact,,107-108,medium,
sarrewerden,high_justice,francois-ii-vaudemont,,,,,1629,1632,exact,exact,,108;110,medium,
sarrewerden,high_justice,duchy-lorraine,,,,,1632,,exact,,,110,medium,
bouquenom,suzerain,bishopric-metz,,,,,,,,,,108,,
bouquenom,high_justice,county-nassau-saarbruecken,,,true,duchy-lorraine,,1629,,exact,,107-108,medium,
bouquenom,high_justice,francois-ii-vaudemont,,,,,1629,1632,exact,exact,,108;110,medium,
bouquenom,high_justice,duchy-lorraine,,,,,1632,,exact,,,110,medium,
