fr,de,en,ja
abbé de Longeville,Abt von Lubeln,Abbot of Longeville,ロンジュヴィル修道院長
archevêque-électeur,Erzbischof und Kurfürst,Archbishop-Elector,大司教選帝侯
"baron de Fénétrange, duc d'Arschot","Freiherr von Finstingen, Herzog von Aarschot","Baron of Fénétrange, Duke of Aarschot",フェネトランジュ男爵、アールスホット公
"baron libre de Fénétrange et de Thicourt, prince de l'Empire","Freiherr von Finstingen und Diedersdorf, Reichsfürst","Free Baron of Fénétrange and Thicourt, Prince of the Empire",フェネトランジュおよびティクール自由男爵、帝国諸侯
baron puis comte de Créhange,"Freiherr, dann Graf von Kriechingen","Baron, then Count of Créhange",クレアンジュ男爵、のち伯
"cardinal, administrateur du temporel de Metz","Kardinal, Administrator des Hochstifts Metz","Cardinal, administrator of the temporalities of Metz",枢機卿、メス司教領管理者
"cardinal, évêque de Metz","Kardinal, Bischof von Metz","Cardinal, Bishop of Metz",枢機卿、メス司教
comte,Graf,Count,伯
comte de Créhange,Graf von Kriechingen,Count of Créhange,クレアンジュ伯
comte de Deux-Ponts,Graf von Zweibrücken,Count of Zweibrücken,ツヴァイブリュッケン伯
comte de Hanau-Lichtenberg,Graf von Hanau-Lichtenberg,Count of Hanau-Lichtenberg,ハーナウ＝リヒテンベルク伯
comte de Linange-Falkenburg-Heidesheim et de Dabo,Graf von Leiningen-Falkenburg-Heidesheim und Dagsburg,Count of Leiningen-Falkenburg-Heidesheim and Dagsburg,ライニンゲン＝ファルケンブルク＝ハイデスハイム伯およびダークスブルク伯
comte de Réchicourt,Graf von Rixingen,Count of Réchicourt,レシクール伯
comte palatin,Pfalzgraf,Count Palatine,宮中伯
"comte palatin de Veldenz, comte de La Petite-Pierre","Pfalzgraf von Veldenz, Graf von Lützelstein","Count Palatine of Veldenz, Count of La Petite-Pierre",フェルデンツ宮中伯、ラ・プティット＝ピエール伯
comte palatin du Rhin et duc de Deux-Ponts,Pfalzgraf bei Rhein und Herzog von Zweibrücken,Count Palatine of the Rhine and Duke of Zweibrücken,ライン宮中伯、ツヴァイブリュッケン公
"comte palatin du Rhin, comte de Veldenz et de Sponheim","Pfalzgraf bei Rhein, Graf von Veldenz und Sponheim","Count Palatine of the Rhine, Count of Veldenz and Sponheim",ライン宮中伯、フェルデンツ伯およびシュポンハイム伯
duc,Herzog,Duke,公
duchesse,Herzogin,Duchess,女公
empereur,Kaiser,Emperor,皇帝
grand-maître de l'ordre teutonique,Hochmeister des Deutschen Ordens,Grand Master of the Teutonic Order,ドイツ騎士団総長
rhingrave,Rheingraf,Rhinegrave,ライン伯
rhingrave de Kyrbourg,Rheingraf von Kyrburg,Rhinegrave of Kyrburg,キルブルクのライン伯
roi de France,König von Frankreich,King of France,フランス王
seigneur de Fénétrange,Herr von Finstingen,Lord of Fénétrange,フェネトランジュ領主
"sire de Fénétrange, prince du Saint Empire","Herr von Finstingen, Reichsfürst","Lord of Fénétrange, Prince of the Holy Roman Empire",フェネトランジュ領主、神聖ローマ帝国諸侯
électeur palatin,Kurfürst von der Pfalz,Elector Palatine,プファルツ選帝侯
"électeur palatin, roi de Bohême","Kurfürst von der Pfalz, König von Böhmen","Elector Palatine, King of Bohemia",プファルツ選帝侯、ボヘミア王
évêque de Metz,Bischof von Metz,Bishop of Metz,メス司教
évêque de Strasbourg,Bischof von Straßburg,Bishop of Strasbourg,ストラスブール司教
