id,name_en,name_fr,name_de,entity_type,color,source_page,confidence,notes
duchy-lorraine,Duchy of Lorraine,Duché de Lorraine,Herzogtum Lothringen,duchy,,,,'S. A.' (Son Altesse) in the book is the duke of Lorraine.
holy-roman-empire,Holy Roman Empire,Saint Empire romain germanique,Heiliges Römisches Reich,empire,,,,
electorate-trier,Electorate of Trier,Électorat de Trèves,Kurfürstentum Trier,electorate,,,,
bishopric-metz,Prince-Bishopric of Metz,Évêché temporel de Metz,Hochstift Metz,temporal_bishopric,,,,
county-nassau-saarbruecken,County of Nassau-Saarbrücken,Comté de Nassau-Sarrebruck,Grafschaft Nassau-Saarbrücken,county,,,,
cathedral-chapter-trier,Cathedral chapter of Trier,Chapitre de Trèves,Trierer Domkapitel,chapter,,,,
charterhouse-rettel,Charterhouse of Rettel,Chartreux de Rettel,Kartause Rettel,abbey,,,,
abbey-freistroff,Abbey of Freistroff,Abbaye de Freistroff,Abtei Freistroff,abbey,,,,Cistercian abbey (p. 13).
abbey-bouzonville,Abbey of Bouzonville,Abbaye de Bouzonville,Abtei Busendorf,abbey,,,,
abbey-villers-bettnach,Abbey of Villers-Bettnach,Abbaye de Villers-Bettnach,Abtei Weiler-Bettnach,abbey,,,,
lords-monclair,Lords of Montclair,Sires de Monclair,Herren von Montclair,lordship,,,,'le sieur de Monclair' (p. 14); the fief of Monclair was held in common (p. 132).
henriette-vaudemont,Henriette de Vaudémont,Henriette de Vaudémont,Henriette von Vaudémont,person,,,,"Princess of Phalsbourg, sister of Charles IV; engagiste of Anzeling and Hestroff."
francois-ii-vaudemont,François II de Vaudémont,François II de Vaudémont,Franz II. von Vaudémont,person,,,,"Count of Vaudémont, duke for a few days in 1625; the Speyer judgment of 1629 awarded Bouquenom and Sarrewerden to him personally (p. 109-110)."
andre-des-bordes,André des Bordes,André des Bordes,André des Bordes,person,,25,high,"governor of Sierck, favourite of Henri II; condemned for witchcraft in January 1625"
nicolas-de-pullenoy,Nicolas de Pullenoy,Nicolas de Pullenoy,Nikolaus von Pullenoy,person,,27,high,"auditor of the Chambre des Comptes, councillor of state and treasurer general"
christophe-braun-schmittberg,Christopher Braun of Schmittberg,Christophe Braun de Schmittberg,Christoph Braun von Schmittburg,person,,80,high,"Held half of the castle of Momberg or Steinberg in the 1630 list of fiefs (p. 80); not Jean-Wolf de Schmittberg of Berus, named in the same list."
g-braun-schmittberg,G. Braun of Schmittberg,G. Braun de Schmittberg,G. Braun von Schmittburg,person,,80,high,"Of Güdesweiler; held half of Theley in the 1630 list of fiefs (p. 80)."
philippe-georges-braun-schmittberg,Philip George Braun of Schmittberg,Philippe-Georges Braun de Schmittberg,Philipp Georg Braun von Schmittburg,person,,57,high,"Held Lindscheidt and Niederhofen in the office of Schaumberg in 1585 (p. 57)."
guillaume-de-braubach,William of Braubach,Guillaume de Braubach,Wilhelm von Braubach,person,,230,high,Lord of Dillingen; bought villages of the offices of Sierck and Boulay from the duke in 1632 (p. 230).
jean-frederic-freistroff,John Frederick Freistroff,Jean-Frédéric Freistroff,Johann Friedrich Freistroff,person,,232,high,"Captain and gruyer of Schaumberg; held villages of the office, then the whole office, in pledge (p. 232)."
jean-rene-de-soetern,John René of Soetern,Jean-René de Soetern,Johann René von Sötern,person,,232,high,"Captain of Schaumberg, nephew of the elector Philipp von Sötern; took over Freistroff's pledge in March 1621 (p. 232)."
jean-saint-aubin,Jean Saint-Aubin,Jean Saint-Aubin,Jean Saint-Aubin,person,,244,high,Of Metz; held Heining in pledge from 1625 (p. 244).
hartard-florange,Hartard Florange,Hartard Florange,Hartard Florschinger,person,,91;252,high,"Hartard Florschinger or Florange, of Sierck and Mettlach, general tabellion in 1598-1607 (p. 91); bought one of the duke's mills at Vaudrevange in 1612 (p. 252)."
jean-huart,Jean Huart,Jean Huart,Johann Huart,person,,252,high,Lieutenant-general of the bailiwick; bought one of the duke's mills at Vaudrevange in 1612 (p. 252).
jean-de-ramberviller,Jean de Ramberviller,Jean de Ramberviller,Johann von Rambervillers,person,,73;248,high,"Lord of Bézange, governor of the bishop's castellany of Haboudange and, in 1620, of the lordship of Morhange (p. 73); leased the count of Morhange's lands in 1618 (p. 248)."
