year,place_id,right_type,from_holder,to_holder,event_type,description,source_page,confidence,notes
1624,anzeling,high_justice,duchy-lorraine,henriette-vaudemont,pledge,"Henri II pledges Anzeling (high, middle and low justice) to Henriette de Vaudémont, January 1624.",51,,
1624,hestroff,high_justice,duchy-lorraine,henriette-vaudemont,pledge,"Hestroff pledged to Henriette de Vaudémont; p. 51 says January 1624, p. 50 January 1625.",50-51,medium,
1620,chemery,middle_low_justice,,abbey-freistroff,judgment,February 1620: the Conseil d'État maintains the abbot of Freistroff in the middle and low justice against the ducal procurator's claim of 1616.,51,,
1620,saargau,suzerain,,,treaty,Accommodation of 28-30 July 1620 between Lorraine and Trier confirms undivided joint sovereignty and common justice; approved by Ferdinand II on 4 December 1623.,131,,
1620,office-merzig,suzerain,,,treaty,Same accommodation of July 1620 for the Merzig part of the condominium.,131,,
1629,sarrewerden,high_justice,county-nassau-saarbruecken,francois-ii-vaudemont,judgment,"Judgment of the Imperial Chamber of Speyer, 7 July 1629: the castle and town of Sarrewerden, as masculine fiefs of Metz, go to François II.",108,,
1629,bouquenom,high_justice,county-nassau-saarbruecken,francois-ii-vaudemont,judgment,Same Speyer judgment of 7 July 1629 for Bouquenom.,108,,
1629,county-sarrewerden,high_justice,county-nassau-saarbruecken,francois-ii-vaudemont,occupation,"31 July 1629: Lorraine troops take Bouquenom by force and occupy the whole county, beyond what the judgment granted.",108,,
1632,county-sarrewerden,high_justice,francois-ii-vaudemont,duchy-lorraine,inheritance,François II dies 14 October 1632; Charles IV takes the oath of the county's subjects the next day.,110,,
1621,lordship-faulquemont,manorial_lord,francois-ii-vaudemont,elisee-d-haraucourt,purchase,"Élisée d'Haraucourt buys the shares of the count of Vaudémont and his wife Christine de Salm in the lordship of Faulquemont.",27,high,
1629,marquisate-faulquemont,,,house-haraucourt,elevation,"In December 1629 Charles IV raises the lordship of Faulquemont to a marquisate for the Haraucourt family.",27,high,
1614,county-boulay,manorial_lord,duchy-lorraine,louis-de-guise,cession,"Henri II gives Louis de Guise the lordship of Boulay for life; he then styles himself count of Boulay.",28,high,
1625,county-boulay,,duchy-lorraine,louis-de-guise,enfeoffment,"January 1625: Louis de Guise and Henriette do homage to Charles IV and Nicole for Phalsbourg, Hombourg, Saint-Avold and the county of Boulay.",29,high,
1632,county-boulay,manorial_lord,louis-de-guise,henriette-vaudemont,pledge,"After Louis de Guise's death Henriette receives the county of Boulay in dower from Charles IV, for a loan of 300,000 francs (reversal letters 1 April 1633).",30,high,
1621,county-bitche,,duchy-lorraine,henriette-vaudemont,pledge,"By his will of November 1621 Henri II leaves Henriette 300,000 francs, secured by a pledge of the county of Bitche.",29,high,
1625,teterchen,manorial_lord,duchy-lorraine,louis-de-guise,pledge,"Téterchen is pledged to Louis de Guise as security for a loan of 100,000 francs, formerly secured on Preny.",29,medium,dated by the surrounding text
1625,roupeldange,,duchy-lorraine,louis-de-guise,pledge,"Goods at Roupeldange, with Téterchen, are pledged to Louis de Guise as security for a loan of 100,000 francs.",29,medium,goods only; dated by the surrounding text
1616,anzeling,high_justice,duchy-lorraine,andre-des-bordes,purchase,"Henri II sells the lordship of Hestroff and Anzeling to André des Bordes, governor of Sierck, for 10,000 francs.",25,high,
1616,hestroff,high_justice,duchy-lorraine,andre-des-bordes,purchase,"Henri II sells the lordship of Hestroff and Anzeling to André des Bordes, governor of Sierck, for 10,000 francs.",25,high,
1620,county-dalem,,,elisee-d-haraucourt,elevation,"The barony of Dalem, a fief of Lorraine held by Élisée d'Haraucourt, is made a county.",27,high,
1629,county-dalem,,,house-haraucourt,elevation,"The county of Dalem becomes part of the marquisate of Faulquemont created by Charles IV in December 1629.",27,high,
1625,nebing,manorial_lord,,nicolas-de-pullenoy,enfeoffment,"Nicolas de Pullenoy does homage for the lordship of Nébing-lès-Albestroff.",27,high,
1607,redlach,,,elisee-d-haraucourt,foundation,"Élisée d'Haraucourt founds the new village of Redlach, with the consent of the count of Vaudémont.",27,high,
1628,montdidier,,,louis-de-guise,foundation,"Louis de Guise founds the village of Montdidier (1628-29).",29,high,
1628,saint-louis,,,louis-de-guise,foundation,"Louis de Guise founds the village of Saint-Louis (1628-29).",29,high,
1628,bickenholz,,,louis-de-guise,foundation,"Louis de Guise founds the village of Bickenholz (1628-29).",29,high,
1629,principality-phalsbourg,,,louis-de-guise,elevation,"February 1629: Emperor Ferdinand II makes Louis de Guise an immediate prince of the Empire for Phalsbourg and Lixheim.",29,high,
1629,principality-lixheim,,,louis-de-guise,elevation,"February 1629: Emperor Ferdinand II makes Louis de Guise an immediate prince of the Empire for Phalsbourg and Lixheim.",29,high,
1598,lordship-lemberg-les-pirmasens,manorial_lord,duchy-lorraine,county-hanau-lichtenberg,cession,"21 November 1598: once the pledgee Charles of Hohenzollern had renounced, Charles III gives the office of Lemberg back to the count of Hanau, keeping Simten, Vinningen, Riedelberg, Erlenbrunn, Staustein, Imsbach and Ranschborn; Lorraine may reoccupy it if no settlement follows.",104-105,high,
1604,lordship-lemberg-les-pirmasens,manorial_lord,charles-de-hohenzollern-sigmaringen,duchy-lorraine,redemption,"Charles III redeems the pledge of his half of Lemberg, giving the castellany of Sarreguemines as security; completed after the count's death in April 1606.",106,high,
1606,lordship-lemberg-les-pirmasens,suzerain,duchy-lorraine,county-hanau-lichtenberg,treaty,"Treaty of February and April 1606 with Hanau-Lichtenberg (ratified in December): Charles III renounces the sovereignty and the office of Lemberg-lès-Pirmasens and cedes Vinningen, Simten and other villages; Hanau gives up its claims on Bitche.",21;105-106,high,
1607,lordship-lemberg-les-pirmasens,manorial_lord,duchy-lorraine,county-hanau-lichtenberg,cession,"April 1607: Charles III orders the governor of Bitche to evacuate the lordship of Lemberg; Lorraine's half leaves the county of Bitche.",18;106,high,
1606,lordship-lemberg-les-pirmasens,manorial_lord,charles-de-hohenzollern-sigmaringen,duchy-lorraine,redemption,"After the death of the count of Hohenzollern-Sigmaringen in April 1606, the redemption of Lemberg and Bitche is completed and the settlement ratified in December.",106,high,
