child_id,parent_id,is_disputed,from_year,to_year,from_precision,to_precision,source_page,confidence,notes
office-sierck,bailliage-allemagne,,,,,,11-12,,
weiten,office-sierck,,,,,,12;49,,
merschweiller,office-sierck,,,,,,12;49,,
kedange,office-sierck,,,,,,13;50,,
anzeling,office-sierck,,,,,,13;50,,
hestroff,office-sierck,,,,,,13;50,,
chemery,office-sierck,,,,,,13;50,,
saargau,condominium-merzig-saargau,,,,,,13-14;55,,"the Saargau and Merzig, the two halves of the condominium (pp. 13-14, 55)"
county-sarrewerden,bailliage-allemagne,,1629,,exact,,9;12,,'devenu lorrain seulement en 1629' (p. 9); added to the bailiwick in 1629 (p. 12).
sarrewerden,county-sarrewerden,,,,,,19,,
bouquenom,county-sarrewerden,,,,,,19,,
principality-lixheim,bailliage-allemagne,,1623,,exact,,12;21,high,"'Le bailliage s'agrandit en 1623 de l'office de Lixheim' (p. 12); bought from the Elector Palatine in 1623 (p. 21)."
dalem,county-dalem,,,,,,27,high,
hargarten-aux-mines,county-dalem,,,,,,27,high,
teterchen,county-dalem,,,,,,27,high,
brecklange,county-dalem,,,,,,27,high,
brettnach,county-dalem,,,,,,27,high,
macker,county-dalem,,,,,,27,high,
odenhofen,county-dalem,,,,,,27,high,
guerstling,county-dalem,,,,,,27,high,
labruck,county-dalem,,,,,,27,high,
holling,county-dalem,,,,,,27,high,
county-dalem,office-boulay,,,,,,27;82,high,"Dalem, au sire de Haraucourt, in the office of Boulay (p. 82)"
county-dalem,marquisate-faulquemont,,1629,,exact,,27,high,part of the marquisate of Faulquemont from December 1629
marienthal,lordship-faulquemont,,,,,,27,high,one of the places of the lordship (p. 27)
marquisate-faulquemont,bailliage-allemagne,,1629,,exact,,9-10;27,high,
lordship-faulquemont,marquisate-faulquemont,,1629,,exact,,27,high,
office-faulquemont,bailliage-allemagne,,,,,,9;11;22;63,high,the office of Faulquemont (p. 63) among the units of the bailiwick
office-hombourg-haut,bailliage-allemagne,true,1581,,exact,,9;11;21-22;63;101,high,"from 1581, when Lorraine bought the castellany (pp. 21, 63); contested: counted in 1585 and 1594, but its subjects 'prétendaient ne pas en faire partie' (p. 11); still an imperial fief of the bishop of Metz, exempt from ducal charges, appeals to Vic and the imperial chamber (p. 101)"
county-bitche,bailliage-allemagne,true,,,,,9;11-12;21-22,high,"contested: Alix (1594) files it among lands 'qui ne sont pas de bailliages' (1870 ed., pp. 34, 109); in 1594 the receiver Jean Bosch reported it was not part of the bailiwick (p. 12); united to the duchy 1572, settled with Hanau-Lichtenberg 1606 (p. 21)"
office-sarralbe,bailliage-allemagne,true,,,,,9;11;21-22,high,"contested: bought from the bishop of Metz in 1562 (p. 21); Alix (1594) files it among lands 'qui ne sont pas de bailliages' (1870 ed., pp. 34, 109); its subjects claimed not to belong to the bailiwick (p. 11)"
lordship-sarreck,bailliage-allemagne,true,,,,,9;11;22,high,"contested: paid the 1585 aid to the bailiwick of Nancy (p. 11); Alix (1594) files it among lands 'qui ne sont pas de bailliages' (1870 ed., pp. 34, 108); its subjects claimed not to belong to the bailiwick (p. 11)"
provostship-sarrebourg,bailliage-allemagne,true,,,,,9;11;21-22,high,"contested: bought from the bishop of Metz in 1562 (p. 21); paid the 1585 aid to the bailiwick of Nancy (p. 11); Alix (1594) files it among lands 'qui ne sont pas de bailliages' (1870 ed., pp. 34, 107); its subjects claimed not to belong (p. 11)"
office-phalsbourg,bailliage-allemagne,true,,,,,9;11;21-22,high,"contested: bought in 1583 (p. 21), not subject to the 1585 aid (p. 11); Alix (1594) files it among lands 'qui ne sont pas de bailliages' (1870 ed., pp. 34, 113); its subjects claimed not to belong; in 1631 wrongly taken for a privileged exclave (p. 11)"
castellany-marsal,bailliage-allemagne,true,,,,,10-11;21-22,high,"contested: bought from the bishop of Metz in 1593 (p. 21); Alix (1594) files it among lands 'qui ne sont pas de bailliages' (1870 ed., pp. 34, 115); its subjects claimed not to belong; in 1631 wrongly taken for a privileged exclave (p. 11)"
lordship-faulquemont,office-faulquemont,,,,,,16;63,high,
lordship-faulquemont,office-boulay,,1629,,exact,,82,high,counted among the fiefs of the office of Boulay in the 1630 table of fiefs (p. 82)
lordship-morhange,office-dieuze,,1629,,exact,,83,high,counted among the fiefs of the office of Dieuze in the 1630 table of fiefs (p. 83)
lordship-volmerange,marquisate-faulquemont,,1629,,exact,,27,high,
lordship-volmerange,office-boulay,,,,,,16;62,high,"like Faulquemont and Dalem, still in the office of Boulay after 1629 (p. 82)"
volmerange,lordship-volmerange,,,,,,27;62,high,
castellany-sarreguemines,office-sarreguemines,,,,,,17;68,high,the castellany is the ducal core of the office of Sarreguemines
provostship-sierck,office-sierck,,,,,,12;49,high,
provostship-sous-sierck,office-sierck,,,,,,12;49,high,
mayoralty-montenach,provostship-sierck,,,,,,12;49,high,Montenach is one of the villages of the provostship (p. 12)
mayoralty-puttelange,lordship-puttelange,,,,,,68,high,one of the mairies of the lordship of Puttelange (p. 68)
mayoralty-holving,lordship-puttelange,,,,,,68,high,one of the mairies of the lordship of Puttelange (p. 68)
mayoralty-metzing,lordship-puttelange,,,,,,68,high,one of the mairies of the lordship of Puttelange (p. 68)
mayoralty-remering,lordship-puttelange,,,,,,68,high,one of the mairies of the lordship of Puttelange (p. 68)
mayoralty-farschviller,lordship-puttelange,,,,,,68,high,one of the mairies of the lordship of Puttelange (p. 68)
mayoralty-teting,office-hombourg-haut,,,,,,64,high,"l'organisation de la mairie de Téting, in the office of Hombourg (p. 64)"
albestroff,castellany-albestroff,,,,,,78,high,the unit's own seat: 'Châtellenie d'Albestroff' (seat village)
vibersviller,court-vibersviller,,,,,,108,high,the unit's own seat: 'Cour de Vibersviller' (seat village)
altheim,mayoralty-altheim,,,,,,69,high,the unit's own seat: 'Mairie d'Altheim' (seat village)
boucheporn,mayoralty-boucheporn,,,,,,79,high,the unit's own seat: 'Mairie de Boucheporn' (seat village)
boustroff,mayoralty-boustroff,,,,,,79,high,the unit's own seat: 'Mairie de Boustroff' (seat village)
cutting,mayoralty-cutting,,,,,,74,high,the unit's own seat: 'Mairie de Cutting' (seat village)
farschviller,mayoralty-farschviller,,,,,,68,high,the unit's own seat: 'Mairie de Farschviller' (seat village)
hilsprich,mayoralty-hilsprich,,,,,,18;69,high,the unit's own seat: 'Mairie de Hilsprich' (seat village)
metzing-forbach,mayoralty-metzing,,,,,,68,high,the unit's own seat: 'Mairie de Metzing' (seat village)
montenach,mayoralty-montenach,,,,,,49,high,the unit's own seat: 'Mairie de Montenach' (seat village)
puttelange,mayoralty-puttelange,,,,,,68,high,the unit's own seat: 'Mairie de Puttelange' (seat village)
rahling,mayoralty-rahling,,,,,,69,high,the unit's own seat: 'Mairie de Rahling' (seat village)
remering-puttelange,mayoralty-remering,,,,,,68,high,the unit's own seat: 'Mairie de Rémering' (seat village)
riche,mayoralty-riche,,,,,,74,high,the unit's own seat: 'Mairie de Riche' (seat village)
rurange-metzervisse,mayoralty-rurange,,,,,,98,high,the unit's own seat: 'Mairie de Rurange' (seat village)
schorbach,mayoralty-schorbach,,,,,,69,high,the unit's own seat: 'Mairie de Schorbach' (seat village)
siersberg,mayoralty-siersberg,,,,,,52,high,the unit's own seat: 'Haute-mairie de Siersberg' (seat village)
walschbronn,mayoralty-walschbronn,,,,,,69,high,the unit's own seat: 'Mairie de Walschbronn' (seat village)
eblange,provostship-eblange,,,,,,63,high,the unit's own seat: 'Prévôté d'Éblange' (seat village)
insming,provostship-insming,,,,,,74,high,the unit's own seat: 'Prévôté d'Insming' (seat village)
winterbach,provostship-winterbach,,,,,,15,high,the unit's own seat: 'Prévôté de Winterbach' (seat village)
castellany-dieuze,office-dieuze,,,,,,20;74-75,high,the office of Dieuze is the castellanies of Dieuze and Marimont (pp. 20; 74-75)
bermering,office-dieuze,,1600,1620,attested,attested,74,high,"added to the office by the accountants of Dieuze from 1600 to 1620 (p. 74)"
bistroff-grotesquin,office-dieuze,,1600,1620,attested,attested,74,high,"added to the office by the accountants of Dieuze from 1600 to 1620 (p. 74)"
chicourt,office-dieuze,,1600,1620,attested,attested,74,high,"added to the office by the accountants of Dieuze from 1600 to 1620 (p. 74)"
desseling,office-dieuze,,1600,1620,attested,attested,74,high,"added to the office by the accountants of Dieuze from 1600 to 1620 (p. 74)"
donnelay,office-dieuze,,1600,1620,attested,attested,74,high,"added to the office by the accountants of Dieuze from 1600 to 1620 (p. 74)"
erstroff,office-dieuze,,1600,1620,attested,attested,74,high,"added to the office by the accountants of Dieuze from 1600 to 1620 (p. 74)"
fribourg,office-dieuze,,1600,1620,attested,attested,74,high,"added to the office by the accountants of Dieuze from 1600 to 1620 (p. 74)"
givricourt,office-dieuze,,1600,1620,attested,attested,74,high,"added to the office by the accountants of Dieuze from 1600 to 1620 (p. 74)"
hesse,office-dieuze,,1600,1620,attested,attested,74,high,"added to the office by the accountants of Dieuze from 1600 to 1620 (p. 74)"
juvelize,office-dieuze,,1600,1620,attested,attested,74,high,"added to the office by the accountants of Dieuze from 1600 to 1620 (p. 74)"
ley,office-dieuze,,1600,1620,attested,attested,74,high,"added to the office by the accountants of Dieuze from 1600 to 1620 (p. 74)"
lezey,office-dieuze,,1600,1620,attested,attested,74,high,"added to the office by the accountants of Dieuze from 1600 to 1620 (p. 74)"
moncourt,office-dieuze,,1600,1620,attested,attested,74,high,"added to the office by the accountants of Dieuze from 1600 to 1620 (p. 74)"
munster,office-dieuze,,1600,1620,attested,attested,74,high,"added to the office by the accountants of Dieuze from 1600 to 1620 (p. 74)"
obreck,office-dieuze,,1600,1620,attested,attested,74,high,"added to the office by the accountants of Dieuze from 1600 to 1620 (p. 74)"
ommeray,office-dieuze,,1600,1620,attested,attested,74,high,"added to the office by the accountants of Dieuze from 1600 to 1620 (p. 74)"
mayoralty-lindre,castellany-dieuze,,,,,,20;74-75,high,"its villages are all in the castellany of Dieuze (p. 20)"
mayoralty-cutting,lordship-marimont,,,,,,20;74,high,"Domnon and Guinzeling are only in the castellany of Marimont (p. 20)"
provostship-insming,lordship-marimont,,,,,,20;74,high,"its villages are in the castellany of Marimont (p. 20)"
mayoralty-insming,lordship-marimont,,,,,,20;75,high,"its villages are in the castellany of Marimont (p. 20)"
mayoralty-hellimer,lordship-marimont,,,,,,20;75,high,"its villages are in the castellany of Marimont (p. 20)"
mayoralty-inferieure-du-saargau-a-schwemlingen,saargau,,,,,,55,high,
mayoralty-superieure-du-saargau-a-hilbringen,saargau,,,,,,55,high,
lordship-lemberg-les-pirmasens,county-bitche,,,1607,,exact,18;106,high,"Lorraine's half, until the evacuation of April 1607 (pp. 18, 106)"
lemberg-pirmasens,lordship-lemberg-les-pirmasens,,,,,,103;105;148,high,"the castle of Lemberg, seat of the lordship"
bergweiler,office-schaumberg,,,,,,155;231,high,"office (châtellenie) of Schaumberg (pp. 155, 231)"
bergweiler,thalexweiler,,,,,,270,high,"mayoralty of Thalexweiler, with Sotzweiler and Tholey (1610 muster list, p. 270)"
coutures,provostship-amance,,,,,,239,high,"office of Amance (p. 239)"
